FID,objectid,cod_origem,nome_orige,nivel_orig,classe_ori,multipolar,cod_destin,nome_desti,nivel_dest,classe_des,cod_1a,nome_1a,cod_1b,mome_1b,cod_1c,nome_1c,cod_2a,nome_2a,cod_2b,nome_2b,cod_2c,nome_2c,cod_3a,nome_3a,cod_3b,nome_3b,cod_4a,nome_4a,cod_4b,nome_4b,cod_s1,nome_s1,nivel_s1,cod_s2,nome_s2,nivel_s2,cod_s3,nome_s3,nivel_s3,cod_s4,nome_s4,nivel_s4,cod_s5,nome_s5,nivel_s5,cod_s6,nome_s6,nivel_s6,the_geom
RedeUrbanaSintese_Regic2007.1,1,291250,Ibipitanga,5,Centro Local,sim,290410,Boquira,4b,Centro de Zona B,,,0,,292740,ACP de Salvador,0,,293330,Vit�ria da Conquista,0,,291170,Guanambi,290390,Bom Jesus da Lapa,291980,Maca�bas,290410,Boquira,292740,ACP de Salvador,1c,293330,Vit�ria da Conquista,2b,291170,Guanambi,3a,290390,Bom Jesus da Lapa,3b,291980,Maca�bas,4a,290410,Boquira,4b,"MULTILINESTRING ((-42.48639274987177 -12.88243982054763, -42.731394714006285 -12.823439070038607))"
RedeUrbanaSintese_Regic2007.2,2,170330,Bom Jesus do Tocantins,5,Centro Local,n�o,171650,Pedro Afonso,4b,Centro de Zona B,,,0,,520870,ACP de Goi�nia,0,,172100,Palmas,170210,Aragua�na,0,,0,,170930,Guara�,171650,Pedro Afonso,520870,ACP de Goi�nia,1c,172100,Palmas,2b,170210,Aragua�na,2c,170930,Guara�,4a,171650,Pedro Afonso,4b,,,,"MULTILINESTRING ((-48.166432788938465 -8.965407055313273, -48.17543286028712 -8.968407063651057))"
RedeUrbanaSintese_Regic2007.3,3,110050,Novo Horizonte do Oeste,5,Centro Local,n�o,110028,Rolim de Moura,4a,Centro de Zona A,,,0,,,,0,,110020,Porto Velho,0,,110012,Ji-Paran�,110004,Cacoal,110028,Rolim de Moura,0,,110020,Porto Velho,2b,110012,Ji-Paran�,3a,110004,Cacoal,3b,110028,Rolim de Moura,4a,,,,,,,"MULTILINESTRING ((-62.000528765018714 -11.710400480854805, -61.7785275594901 -11.733400982150977))"
RedeUrbanaSintese_Regic2007.4,4,171890,Santa Rosa do Tocantins,5,Centro Local,n�o,171820,Porto Nacional,4a,Centro de Zona A,,,0,,520870,ACP de Goi�nia,0,,172100,Palmas,0,,0,,0,,171820,Porto Nacional,0,,520870,ACP de Goi�nia,1c,172100,Palmas,2b,171820,Porto Nacional,4a,0,,,,,,,,,"MULTILINESTRING ((-48.121435814208226 -11.449422411174366, -48.4174369734268 -10.708417515467213))"
RedeUrbanaSintese_Regic2007.5,5,210177,Bela Vista do Maranh�o,5,Centro Local,n�o,210120,Bacabal,3a,Centro Subregional A,,,0,,230440,ACP de Fortaleza,211130,ACP de S�o Lu�s,0,,0,,210120,Bacabal,0,,0,,0,,230440,ACP de Fortaleza,1c,211130,ACP de S�o Lu�s,2a,210120,Bacabal,3a,0,,,,,,,,,"MULTILINESTRING ((-45.31540650026945 -3.731373698573084, -44.78040250895714 -4.225377573455582))"
RedeUrbanaSintese_Regic2007.6,6,210207,Bom Lugar,5,Centro Local,n�o,210120,Bacabal,3a,Centro Subregional A,,,0,,230440,ACP de Fortaleza,211130,ACP de S�o Lu�s,0,,0,,210120,Bacabal,0,,0,,0,,230440,ACP de Fortaleza,1c,211130,ACP de S�o Lu�s,2a,210120,Bacabal,3a,0,,,,,,,,,"MULTILINESTRING ((-45.03940456026605 -4.220377402272569, -44.78040250895714 -4.225377573455582))"
RedeUrbanaSintese_Regic2007.7,7,210215,Brejo de Areia,5,Centro Local,n�o,210120,Bacabal,3a,Centro Subregional A,,,0,,230440,ACP de Fortaleza,211130,ACP de S�o Lu�s,0,,0,,210120,Bacabal,0,,0,,0,,230440,ACP de Fortaleza,1c,211130,ACP de S�o Lu�s,2a,210120,Bacabal,3a,0,,,,,,,,,"MULTILINESTRING ((-45.581408891852156 -4.334377940047652, -44.78040250895714 -4.225377573455582))"
RedeUrbanaSintese_Regic2007.8,8,210355,Concei��o do Lago-A�u,5,Centro Local,n�o,210120,Bacabal,3a,Centro Subregional A,,,0,,230440,ACP de Fortaleza,211130,ACP de S�o Lu�s,0,,0,,210120,Bacabal,0,,0,,0,,230440,ACP de Fortaleza,1c,211130,ACP de S�o Lu�s,2a,210120,Bacabal,3a,0,,,,,,,,,"MULTILINESTRING ((-44.89340321369217 -3.834374650955688, -44.78040250895714 -4.225377573455582))"
RedeUrbanaSintese_Regic2007.9,9,210570,Lago da Pedra,4b,Centro de Zona B,n�o,210120,Bacabal,3a,Centro Subregional A,,,0,,230440,ACP de Fortaleza,211130,ACP de S�o Lu�s,0,,0,,210120,Bacabal,0,,0,,0,,230440,ACP de Fortaleza,1c,211130,ACP de S�o Lu�s,2a,210120,Bacabal,3a,0,,,,,,,,,"MULTILINESTRING ((-45.13240548501077 -4.570379891718226, -44.78040250895714 -4.225377573455582))"
RedeUrbanaSintese_Regic2007.10,10,210590,Lago Verde,5,Centro Local,n�o,210120,Bacabal,3a,Centro Subregional A,,,0,,230440,ACP de Fortaleza,211130,ACP de S�o Lu�s,0,,0,,210120,Bacabal,0,,0,,0,,230440,ACP de Fortaleza,1c,211130,ACP de S�o Lu�s,2a,210120,Bacabal,3a,0,,,,,,,,,"MULTILINESTRING ((-44.822402709326155 -3.9573755881403554, -44.78040250895714 -4.225377573455582))"
RedeUrbanaSintese_Regic2007.11,11,210740,Olho d'�gua das Cunh�s,5,Centro Local,n�o,210120,Bacabal,3a,Centro Subregional A,,,0,,230440,ACP de Fortaleza,211130,ACP de S�o Lu�s,0,,0,,210120,Bacabal,0,,0,,0,,230440,ACP de Fortaleza,1c,211130,ACP de S�o Lu�s,2a,210120,Bacabal,3a,0,,,,,,,,,"MULTILINESTRING ((-45.12040515924304 -4.139376770729778, -44.78040250895714 -4.225377573455582))"
RedeUrbanaSintese_Regic2007.12,12,210870,Pio XII,4b,Centro de Zona B,n�o,210120,Bacabal,3a,Centro Subregional A,,,0,,230440,ACP de Fortaleza,211130,ACP de S�o Lu�s,0,,0,,210120,Bacabal,0,,0,,0,,230440,ACP de Fortaleza,1c,211130,ACP de S�o Lu�s,2a,210120,Bacabal,3a,0,,,,,,,,,"MULTILINESTRING ((-45.17040543360205 -3.8943749580512272, -44.78040250895714 -4.225377573455582))"
RedeUrbanaSintese_Regic2007.13,13,211140,S�o Lu�s Gonzaga do Maranh�o,5,Centro Local,n�o,210120,Bacabal,3a,Centro Subregional A,,,0,,230440,ACP de Fortaleza,211130,ACP de S�o Lu�s,0,,0,,210120,Bacabal,0,,0,,0,,230440,ACP de Fortaleza,1c,211130,ACP de S�o Lu�s,2a,210120,Bacabal,3a,0,,,,,,,,,"MULTILINESTRING ((-44.67040171582187 -4.3803787649493255, -44.78040250895714 -4.225377573455582))"
RedeUrbanaSintese_Regic2007.14,14,110090,Castanheiras,5,Centro Local,n�o,110028,Rolim de Moura,4a,Centro de Zona A,,,0,,,,0,,110020,Porto Velho,0,,110012,Ji-Paran�,110004,Cacoal,110028,Rolim de Moura,0,,110020,Porto Velho,2b,110012,Ji-Paran�,3a,110004,Cacoal,3b,110028,Rolim de Moura,4a,,,,,,,"MULTILINESTRING ((-61.95052795403306 -11.427399436795044, -61.7785275594901 -11.733400982150977))"
RedeUrbanaSintese_Regic2007.15,15,211300,Vitorino Freire,4b,Centro de Zona B,n�o,210120,Bacabal,3a,Centro Subregional A,,,0,,230440,ACP de Fortaleza,211130,ACP de S�o Lu�s,0,,0,,210120,Bacabal,0,,0,,0,,230440,ACP de Fortaleza,1c,211130,ACP de S�o Lu�s,2a,210120,Bacabal,3a,0,,,,,,,,,"MULTILINESTRING ((-45.25140626808757 -4.282377741454974, -44.78040250895714 -4.225377573455582))"
RedeUrbanaSintese_Regic2007.16,16,210050,Alto Parna�ba,4b,Centro de Zona B,n�o,210140,Balsas,3b,Centro Subregional B,,,0,,230440,ACP de Fortaleza,221100,ACP de Teresina,0,,0,,0,,210140,Balsas,0,,0,,230440,ACP de Fortaleza,1c,221100,ACP de Teresina,2a,210140,Balsas,3b,0,,,,,,,,,"MULTILINESTRING ((-45.93041566308483 -9.111410582476662, -46.03641483449968 -7.533399945424481))"
RedeUrbanaSintese_Regic2007.17,17,210407,Feira Nova do Maranh�o,5,Centro Local,n�o,210140,Balsas,3b,Centro Subregional B,,,0,,230440,ACP de Fortaleza,221100,ACP de Teresina,0,,0,,0,,210140,Balsas,0,,0,,230440,ACP de Fortaleza,1c,221100,ACP de Teresina,2a,210140,Balsas,3b,0,,,,,,,,,"MULTILINESTRING ((-46.686419370972196 -6.960395478203562, -46.03641483449968 -7.533399945424481))"
RedeUrbanaSintese_Regic2007.18,18,210410,Fortaleza dos Nogueiras,4b,Centro de Zona B,n�o,210140,Balsas,3b,Centro Subregional B,,,0,,230440,ACP de Fortaleza,221100,ACP de Teresina,0,,0,,0,,210140,Balsas,0,,0,,230440,ACP de Fortaleza,1c,221100,ACP de Teresina,2a,210140,Balsas,3b,0,,,,,,,,,"MULTILINESTRING ((-46.177415416773016 -6.964395954301026, -46.03641483449968 -7.533399945424481))"
RedeUrbanaSintese_Regic2007.19,19,210610,Loreto,5,Centro Local,n�o,210140,Balsas,3b,Centro Subregional B,,,0,,230440,ACP de Fortaleza,221100,ACP de Teresina,0,,0,,0,,210140,Balsas,0,,0,,230440,ACP de Fortaleza,1c,221100,ACP de Teresina,2a,210140,Balsas,3b,0,,,,,,,,,"MULTILINESTRING ((-45.14140736457206 -7.084397688094639, -46.03641483449968 -7.533399945424481))"
RedeUrbanaSintese_Regic2007.20,20,210725,Nova Colinas,5,Centro Local,n�o,210140,Balsas,3b,Centro Subregional B,,,0,,230440,ACP de Fortaleza,221100,ACP de Teresina,0,,0,,0,,210140,Balsas,0,,0,,230440,ACP de Fortaleza,1c,221100,ACP de Teresina,2a,210140,Balsas,3b,0,,,,,,,,,"MULTILINESTRING ((-46.25741617592903 -7.116396917160538, -46.03641483449968 -7.533399945424481))"
RedeUrbanaSintese_Regic2007.2427,2427,130150,Envira,5,Centro Local,n�o,130140,Eirunep�,4b,Centro de Zona B,,,0,,130260,ACP de Manaus,0,,0,,0,,0,,0,,0,,130140,Eirunep�,130260,ACP de Manaus,1c,130140,Eirunep�,4b,0,,,0,,,,,,,,,"MULTILINESTRING ((-70.02356138821204 -7.433372491864773, -69.87455983005282 -6.660370157612033))"
RedeUrbanaSintese_Regic2007.21,21,210950,Riach�o,5,Centro Local,n�o,210140,Balsas,3b,Centro Subregional B,,,0,,230440,ACP de Fortaleza,221100,ACP de Teresina,0,,0,,0,,210140,Balsas,0,,0,,230440,ACP de Fortaleza,1c,221100,ACP de Teresina,2a,210140,Balsas,3b,0,,,,,,,,,"MULTILINESTRING ((-46.61741920286546 -7.362398246800389, -46.03641483449968 -7.533399945424481))"
RedeUrbanaSintese_Regic2007.22,22,210970,Samba�ba,5,Centro Local,n�o,210140,Balsas,3b,Centro Subregional B,,,0,,230440,ACP de Fortaleza,221100,ACP de Teresina,0,,0,,0,,210140,Balsas,0,,0,,230440,ACP de Fortaleza,1c,221100,ACP de Teresina,2a,210140,Balsas,3b,0,,,,,,,,,"MULTILINESTRING ((-45.34640903932549 -7.140397894433255, -46.03641483449968 -7.533399945424481))"
RedeUrbanaSintese_Regic2007.23,23,211080,S�o F�lix de Balsas,5,Centro Local,n�o,210140,Balsas,3b,Centro Subregional B,,,0,,230440,ACP de Fortaleza,221100,ACP de Teresina,0,,0,,0,,210140,Balsas,0,,0,,230440,ACP de Fortaleza,1c,221100,ACP de Teresina,2a,210140,Balsas,3b,0,,,,,,,,,"MULTILINESTRING ((-44.81340475252775 -7.083397967078544, -46.03641483449968 -7.533399945424481))"
RedeUrbanaSintese_Regic2007.24,24,211160,S�o Raimundo das Mangabeiras,5,Centro Local,n�o,210140,Balsas,3b,Centro Subregional B,,,0,,230440,ACP de Fortaleza,221100,ACP de Teresina,0,,0,,0,,210140,Balsas,0,,0,,230440,ACP de Fortaleza,1c,221100,ACP de Teresina,2a,210140,Balsas,3b,0,,,,,,,,,"MULTILINESTRING ((-45.4814100024272 -7.022396962153094, -46.03641483449968 -7.533399945424481))"
RedeUrbanaSintese_Regic2007.25,25,110145,Parecis,5,Centro Local,n�o,110028,Rolim de Moura,4a,Centro de Zona A,,,0,,,,0,,110020,Porto Velho,0,,110012,Ji-Paran�,110004,Cacoal,110028,Rolim de Moura,0,,110020,Porto Velho,2b,110012,Ji-Paran�,3a,110004,Cacoal,3b,110028,Rolim de Moura,4a,,,,,,,"MULTILINESTRING ((-61.60352742398585 -12.17540308274362, -61.7785275594901 -11.733400982150977))"
RedeUrbanaSintese_Regic2007.26,26,211200,Tasso Fragoso,5,Centro Local,n�o,210140,Balsas,3b,Centro Subregional B,,,0,,230440,ACP de Fortaleza,221100,ACP de Teresina,0,,0,,0,,210140,Balsas,0,,0,,230440,ACP de Fortaleza,1c,221100,ACP de Teresina,2a,210140,Balsas,3b,0,,,,,,,,,"MULTILINESTRING ((-45.74341348208337 -8.475406571162118, -46.03641483449968 -7.533399945424481))"
RedeUrbanaSintese_Regic2007.27,27,210408,Fernando Falc�o,5,Centro Local,n�o,210160,Barra do Corda,4a,Centro de Zona A,,,0,,230440,ACP de Fortaleza,211130,ACP de S�o Lu�s,0,,0,,0,,0,,210160,Barra do Corda,0,,230440,ACP de Fortaleza,1c,211130,ACP de S�o Lu�s,2a,210160,Barra do Corda,4a,0,,,,,,,,,"MULTILINESTRING ((-44.89340463206102 -6.152391365517067, -45.24340694349885 -5.5063865339382065))"
RedeUrbanaSintese_Regic2007.28,28,210535,Itaipava do Graja�,5,Centro Local,n�o,210160,Barra do Corda,4a,Centro de Zona A,,,0,,230440,ACP de Fortaleza,211130,ACP de S�o Lu�s,0,,0,,0,,0,,210160,Barra do Corda,0,,230440,ACP de Fortaleza,1c,211130,ACP de S�o Lu�s,2a,210160,Barra do Corda,4a,0,,,,,,,,,"MULTILINESTRING ((-45.79141101593959 -5.145383608629891, -45.24340694349885 -5.5063865339382065))"
RedeUrbanaSintese_Regic2007.29,29,210547,Jenipapo dos Vieiras,5,Centro Local,n�o,210160,Barra do Corda,4a,Centro de Zona A,,,0,,230440,ACP de Fortaleza,211130,ACP de S�o Lu�s,0,,0,,0,,0,,210160,Barra do Corda,0,,230440,ACP de Fortaleza,1c,211130,ACP de S�o Lu�s,2a,210160,Barra do Corda,4a,0,,,,,,,,,"MULTILINESTRING ((-45.63640994880793 -5.371385309955469, -45.24340694349885 -5.5063865339382065))"
RedeUrbanaSintese_Regic2007.30,30,211163,S�o Raimundo do Doca Bezerra,5,Centro Local,n�o,210160,Barra do Corda,4a,Centro de Zona A,,,0,,230440,ACP de Fortaleza,211130,ACP de S�o Lu�s,0,,0,,0,,0,,210160,Barra do Corda,0,,230440,ACP de Fortaleza,1c,211130,ACP de S�o Lu�s,2a,210160,Barra do Corda,4a,0,,,,,,,,,"MULTILINESTRING ((-45.07740536772898 -5.105383779340018, -45.24340694349885 -5.5063865339382065))"
RedeUrbanaSintese_Regic2007.31,31,210408,Fernando Falc�o,5,Centro Local,sim,210160,Barra do Corda,4a,Centro de Zona A,,,0,,230440,ACP de Fortaleza,221100,ACP de Teresina,0,,0,,0,,0,,210160,Barra do Corda,0,,230440,ACP de Fortaleza,1c,221100,ACP de Teresina,2a,210160,Barra do Corda,4a,0,,,,,,,,,"MULTILINESTRING ((-44.89340463206102 -6.152391365517067, -45.24340694349885 -5.5063865339382065))"
RedeUrbanaSintese_Regic2007.32,32,210535,Itaipava do Graja�,5,Centro Local,sim,210160,Barra do Corda,4a,Centro de Zona A,,,0,,230440,ACP de Fortaleza,221100,ACP de Teresina,0,,0,,0,,0,,210160,Barra do Corda,0,,230440,ACP de Fortaleza,1c,221100,ACP de Teresina,2a,210160,Barra do Corda,4a,0,,,,,,,,,"MULTILINESTRING ((-45.79141101593959 -5.145383608629891, -45.24340694349885 -5.5063865339382065))"
RedeUrbanaSintese_Regic2007.33,33,210547,Jenipapo dos Vieiras,5,Centro Local,sim,210160,Barra do Corda,4a,Centro de Zona A,,,0,,230440,ACP de Fortaleza,221100,ACP de Teresina,0,,0,,0,,0,,210160,Barra do Corda,0,,230440,ACP de Fortaleza,1c,221100,ACP de Teresina,2a,210160,Barra do Corda,4a,0,,,,,,,,,"MULTILINESTRING ((-45.63640994880793 -5.371385309955469, -45.24340694349885 -5.5063865339382065))"
RedeUrbanaSintese_Regic2007.34,34,211163,S�o Raimundo do Doca Bezerra,5,Centro Local,sim,210160,Barra do Corda,4a,Centro de Zona A,,,0,,230440,ACP de Fortaleza,221100,ACP de Teresina,0,,0,,0,,0,,210160,Barra do Corda,0,,230440,ACP de Fortaleza,1c,221100,ACP de Teresina,2a,210160,Barra do Corda,4a,0,,,,,,,,,"MULTILINESTRING ((-45.07740536772898 -5.105383779340018, -45.24340694349885 -5.5063865339382065))"
RedeUrbanaSintese_Regic2007.35,35,210030,Aldeias Altas,5,Centro Local,n�o,210300,Caxias,3a,Centro Subregional A,,,0,,230440,ACP de Fortaleza,211130,ACP de S�o Lu�s,0,,0,,210300,Caxias,0,,0,,0,,230440,ACP de Fortaleza,1c,211130,ACP de S�o Lu�s,2a,210300,Caxias,3a,0,,,,,,,,,"MULTILINESTRING ((-43.47139221712005 -4.62838124775436, -43.356391414054066 -4.859383027058727))"
RedeUrbanaSintese_Regic2007.36,36,150658,Santa Maria das Barreiras,5,Centro Local,n�o,150270,Concei��o do Araguaia,4a,Centro de Zona A,,,0,,150140,ACP de Bel�m,0,,0,,150420,Marab�,150613,Reden��o,0,,150270,Concei��o do Araguaia,0,,150140,ACP de Bel�m,1c,150420,Marab�,2c,150613,Reden��o,3a,150270,Concei��o do Araguaia,4a,,,,,,,"MULTILINESTRING ((-49.722444301753534 -8.855404537054449, -49.2654402300669 -8.25840136388153))"
RedeUrbanaSintese_Regic2007.37,37,210230,Buriti Bravo,5,Centro Local,n�o,210300,Caxias,3a,Centro Subregional A,,,0,,230440,ACP de Fortaleza,211130,ACP de S�o Lu�s,0,,0,,210300,Caxias,0,,0,,0,,230440,ACP de Fortaleza,1c,211130,ACP de S�o Lu�s,2a,210300,Caxias,3a,0,,,,,,,,,"MULTILINESTRING ((-43.834395911449825 -5.837389885390639, -43.356391414054066 -4.859383027058727))"
RedeUrbanaSintese_Regic2007.38,38,210330,Cod�,4a,Centro de Zona A,n�o,210300,Caxias,3a,Centro Subregional A,,,0,,230440,ACP de Fortaleza,211130,ACP de S�o Lu�s,0,,0,,210300,Caxias,0,,0,,0,,230440,ACP de Fortaleza,1c,211130,ACP de S�o Lu�s,2a,210300,Caxias,3a,0,,,,,,,,,"MULTILINESTRING ((-43.88639547717475 -4.455379738231356, -43.356391414054066 -4.859383027058727))"
RedeUrbanaSintese_Regic2007.39,39,210340,Coelho Neto,4b,Centro de Zona B,n�o,210300,Caxias,3a,Centro Subregional A,,,0,,230440,ACP de Fortaleza,211130,ACP de S�o Lu�s,0,,0,,210300,Caxias,0,,0,,0,,230440,ACP de Fortaleza,1c,211130,ACP de S�o Lu�s,2a,210300,Caxias,3a,0,,,,,,,,,"MULTILINESTRING ((-43.01338829713143 -4.257378716430179, -43.356391414054066 -4.859383027058727))"
RedeUrbanaSintese_Regic2007.40,40,211107,S�o Jo�o do Soter,5,Centro Local,n�o,210300,Caxias,3a,Centro Subregional A,,,0,,230440,ACP de Fortaleza,211130,ACP de S�o Lu�s,0,,0,,210300,Caxias,0,,0,,0,,230440,ACP de Fortaleza,1c,211130,ACP de S�o Lu�s,2a,210300,Caxias,3a,0,,,,,,,,,"MULTILINESTRING ((-43.810395242393724 -5.114384635000694, -43.356391414054066 -4.859383027058727))"
RedeUrbanaSintese_Regic2007.350,350,240850,Ouro Branco,5,Centro Local,sim,240200,Caic�,3a,Centro Subregional A,,,0,,261160,ACP de Recife,240810,ACP de Natal,0,,0,,240200,Caic�,0,,0,,0,,261160,ACP de Recife,1c,240810,ACP de Natal,2a,240200,Caic�,3a,0,,,,,,,,,"MULTILINESTRING ((-36.94633808901801 -6.701401252039683, -37.09833927029164 -6.458399228225962))"
RedeUrbanaSintese_Regic2007.41,41,211174,Senador Alexandre Costa,5,Centro Local,n�o,210300,Caxias,3a,Centro Subregional A,,,0,,230440,ACP de Fortaleza,211130,ACP de S�o Lu�s,0,,0,,210300,Caxias,0,,0,,0,,230440,ACP de Fortaleza,1c,211130,ACP de S�o Lu�s,2a,210300,Caxias,3a,0,,,,,,,,,"MULTILINESTRING ((-44.05639731348627 -5.256385518332602, -43.356391414054066 -4.859383027058727))"
RedeUrbanaSintese_Regic2007.42,42,210030,Aldeias Altas,5,Centro Local,sim,210300,Caxias,3a,Centro Subregional A,,,0,,230440,ACP de Fortaleza,221100,ACP de Teresina,0,,0,,210300,Caxias,0,,0,,0,,230440,ACP de Fortaleza,1c,221100,ACP de Teresina,2a,210300,Caxias,3a,0,,,,,,,,,"MULTILINESTRING ((-43.47139221712005 -4.62838124775436, -43.356391414054066 -4.859383027058727))"
RedeUrbanaSintese_Regic2007.43,43,210230,Buriti Bravo,5,Centro Local,sim,210300,Caxias,3a,Centro Subregional A,,,0,,230440,ACP de Fortaleza,221100,ACP de Teresina,0,,0,,210300,Caxias,0,,0,,0,,230440,ACP de Fortaleza,1c,221100,ACP de Teresina,2a,210300,Caxias,3a,0,,,,,,,,,"MULTILINESTRING ((-43.834395911449825 -5.837389885390639, -43.356391414054066 -4.859383027058727))"
RedeUrbanaSintese_Regic2007.44,44,210330,Cod�,4a,Centro de Zona A,sim,210300,Caxias,3a,Centro Subregional A,,,0,,230440,ACP de Fortaleza,221100,ACP de Teresina,0,,0,,210300,Caxias,0,,0,,0,,230440,ACP de Fortaleza,1c,221100,ACP de Teresina,2a,210300,Caxias,3a,0,,,,,,,,,"MULTILINESTRING ((-43.88639547717475 -4.455379738231356, -43.356391414054066 -4.859383027058727))"
RedeUrbanaSintese_Regic2007.45,45,210340,Coelho Neto,4b,Centro de Zona B,sim,210300,Caxias,3a,Centro Subregional A,,,0,,230440,ACP de Fortaleza,221100,ACP de Teresina,0,,0,,210300,Caxias,0,,0,,0,,230440,ACP de Fortaleza,1c,221100,ACP de Teresina,2a,210300,Caxias,3a,0,,,,,,,,,"MULTILINESTRING ((-43.01338829713143 -4.257378716430179, -43.356391414054066 -4.859383027058727))"
RedeUrbanaSintese_Regic2007.46,46,211107,S�o Jo�o do Soter,5,Centro Local,sim,210300,Caxias,3a,Centro Subregional A,,,0,,230440,ACP de Fortaleza,221100,ACP de Teresina,0,,0,,210300,Caxias,0,,0,,0,,230440,ACP de Fortaleza,1c,221100,ACP de Teresina,2a,210300,Caxias,3a,0,,,,,,,,,"MULTILINESTRING ((-43.810395242393724 -5.114384635000694, -43.356391414054066 -4.859383027058727))"
RedeUrbanaSintese_Regic2007.47,47,170600,Couto de Magalh�es,5,Centro Local,sim,150270,Concei��o do Araguaia,4a,Centro de Zona A,,,0,,150140,ACP de Bel�m,0,,0,,150420,Marab�,150613,Reden��o,0,,150270,Concei��o do Araguaia,0,,150140,ACP de Bel�m,1c,150420,Marab�,2c,150613,Reden��o,3a,150270,Concei��o do Araguaia,4a,,,,,,,"MULTILINESTRING ((-49.24744012524462 -8.284401546564395, -49.2654402300669 -8.25840136388153))"
RedeUrbanaSintese_Regic2007.48,48,211174,Senador Alexandre Costa,5,Centro Local,sim,210300,Caxias,3a,Centro Subregional A,,,0,,230440,ACP de Fortaleza,221100,ACP de Teresina,0,,0,,210300,Caxias,0,,0,,0,,230440,ACP de Fortaleza,1c,221100,ACP de Teresina,2a,210300,Caxias,3a,0,,,,,,,,,"MULTILINESTRING ((-44.05639731348627 -5.256385518332602, -43.356391414054066 -4.859383027058727))"
RedeUrbanaSintese_Regic2007.49,49,210080,Anapurus,5,Centro Local,n�o,210320,Chapadinha,3b,Centro Subregional B,,,0,,230440,ACP de Fortaleza,211130,ACP de S�o Lu�s,0,,0,,0,,210320,Chapadinha,0,,0,,230440,ACP de Fortaleza,1c,211130,ACP de S�o Lu�s,2a,210320,Chapadinha,3b,0,,,,,,,,,"MULTILINESTRING ((-43.116388863243216 -3.6723742495618663, -43.36039087671834 -3.7423746710585513))"
RedeUrbanaSintese_Regic2007.50,50,210173,Bel�gua,5,Centro Local,n�o,210320,Chapadinha,3b,Centro Subregional B,,,0,,230440,ACP de Fortaleza,211130,ACP de S�o Lu�s,0,,0,,0,,210320,Chapadinha,0,,0,,230440,ACP de Fortaleza,1c,211130,ACP de S�o Lu�s,2a,210320,Chapadinha,3b,0,,,,,,,,,"MULTILINESTRING ((-43.510391851665325 -3.155370165969489, -43.36039087671834 -3.7423746710585513))"
RedeUrbanaSintese_Regic2007.51,51,210210,Brejo,4b,Centro de Zona B,n�o,210320,Chapadinha,3b,Centro Subregional B,,,0,,230440,ACP de Fortaleza,211130,ACP de S�o Lu�s,0,,0,,0,,210320,Chapadinha,0,,0,,230440,ACP de Fortaleza,1c,211130,ACP de S�o Lu�s,2a,210320,Chapadinha,3b,0,,,,,,,,,"MULTILINESTRING ((-42.75038588133332 -3.6843745002587225, -43.36039087671834 -3.7423746710585513))"
RedeUrbanaSintese_Regic2007.52,52,210640,Mata Roma,5,Centro Local,n�o,210320,Chapadinha,3b,Centro Subregional B,,,0,,230440,ACP de Fortaleza,211130,ACP de S�o Lu�s,0,,0,,0,,210320,Chapadinha,0,,0,,230440,ACP de Fortaleza,1c,211130,ACP de S�o Lu�s,2a,210320,Chapadinha,3b,0,,,,,,,,,"MULTILINESTRING ((-43.11138880250241 -3.625373895323859, -43.36039087671834 -3.7423746710585513))"
RedeUrbanaSintese_Regic2007.53,53,211040,S�o Benedito do Rio Preto,5,Centro Local,n�o,210320,Chapadinha,3b,Centro Subregional B,,,0,,230440,ACP de Fortaleza,211130,ACP de S�o Lu�s,0,,0,,0,,210320,Chapadinha,0,,0,,230440,ACP de Fortaleza,1c,211130,ACP de S�o Lu�s,2a,210320,Chapadinha,3b,0,,,,,,,,,"MULTILINESTRING ((-43.528392065882336 -3.334371516373161, -43.36039087671834 -3.7423746710585513))"
RedeUrbanaSintese_Regic2007.54,54,150293,Dom Eliseu,5,Centro Local,n�o,210530,Imperatriz,2c,Capital Regional C,,,0,,230440,ACP de Fortaleza,211130,ACP de S�o Lu�s,0,,210530,Imperatriz,0,,0,,0,,0,,230440,ACP de Fortaleza,1c,211130,ACP de S�o Lu�s,2a,210530,Imperatriz,2c,0,,,,,,,,,"MULTILINESTRING ((-47.50542372943416 -4.285376538061738, -47.476424291927195 -5.526385112308809))"
RedeUrbanaSintese_Regic2007.55,55,170220,Araguatins,4b,Centro de Zona B,n�o,210530,Imperatriz,2c,Capital Regional C,,,0,,230440,ACP de Fortaleza,211130,ACP de S�o Lu�s,0,,210530,Imperatriz,0,,0,,0,,0,,230440,ACP de Fortaleza,1c,211130,ACP de S�o Lu�s,2a,210530,Imperatriz,2c,0,,,,,,,,,"MULTILINESTRING ((-48.124429293728646 -5.651385488495989, -47.476424291927195 -5.526385112308809))"
RedeUrbanaSintese_Regic2007.56,56,171070,Itaguatins,5,Centro Local,n�o,210530,Imperatriz,2c,Capital Regional C,,,0,,230440,ACP de Fortaleza,211130,ACP de S�o Lu�s,0,,210530,Imperatriz,0,,0,,0,,0,,230440,ACP de Fortaleza,1c,211130,ACP de S�o Lu�s,2a,210530,Imperatriz,2c,0,,,,,,,,,"MULTILINESTRING ((-47.481424505914475 -5.768386756261345, -47.476424291927195 -5.526385112308809))"
RedeUrbanaSintese_Regic2007.57,57,172020,S�o Miguel do Tocantins,5,Centro Local,n�o,210530,Imperatriz,2c,Capital Regional C,,,0,,230440,ACP de Fortaleza,211130,ACP de S�o Lu�s,0,,210530,Imperatriz,0,,0,,0,,0,,230440,ACP de Fortaleza,1c,211130,ACP de S�o Lu�s,2a,210530,Imperatriz,2c,0,,,,,,,,,"MULTILINESTRING ((-47.575425066230494 -5.555385238984731, -47.476424291927195 -5.526385112308809))"
RedeUrbanaSintese_Regic2007.58,58,150125,Bannach,5,Centro Local,sim,150613,Reden��o,3a,Centro Subregional A,,,0,,520870,ACP de Goi�nia,0,,172100,Palmas,170210,Aragua�na,150613,Reden��o,0,,0,,0,,520870,ACP de Goi�nia,1c,172100,Palmas,2b,170210,Aragua�na,2c,150613,Reden��o,3a,,,,,,,"MULTILINESTRING ((-50.39644757604875 -7.348394501700806, -50.03144562750903 -8.029399104074354))"
RedeUrbanaSintese_Regic2007.59,59,172080,S�tio Novo do Tocantins,5,Centro Local,n�o,210530,Imperatriz,2c,Capital Regional C,,,0,,230440,ACP de Fortaleza,211130,ACP de S�o Lu�s,0,,210530,Imperatriz,0,,0,,0,,0,,230440,ACP de Fortaleza,1c,211130,ACP de S�o Lu�s,2a,210530,Imperatriz,2c,0,,,,,,,,,"MULTILINESTRING ((-47.6384255782145 -5.601385506214531, -47.476424291927195 -5.526385112308809))"
RedeUrbanaSintese_Regic2007.60,60,210005,A�ail�ndia,4a,Centro de Zona A,n�o,210530,Imperatriz,2c,Capital Regional C,,,0,,230440,ACP de Fortaleza,211130,ACP de S�o Lu�s,0,,210530,Imperatriz,0,,0,,0,,0,,230440,ACP de Fortaleza,1c,211130,ACP de S�o Lu�s,2a,210530,Imperatriz,2c,0,,,,,,,,,"MULTILINESTRING ((-47.50542412264269 -4.947381123391545, -47.476424291927195 -5.526385112308809))"
RedeUrbanaSintese_Regic2007.61,61,210060,Amarante do Maranh�o,5,Centro Local,n�o,210530,Imperatriz,2c,Capital Regional C,,,0,,230440,ACP de Fortaleza,211130,ACP de S�o Lu�s,0,,210530,Imperatriz,0,,0,,0,,0,,230440,ACP de Fortaleza,1c,211130,ACP de S�o Lu�s,2a,210530,Imperatriz,2c,0,,,,,,,,,"MULTILINESTRING ((-46.742418692147595 -5.567385917298553, -47.476424291927195 -5.526385112308809))"
RedeUrbanaSintese_Regic2007.62,62,210140,Balsas,3b,Centro Subregional,n�o,210530,Imperatriz,2c,Capital Regional C,,,0,,230440,ACP de Fortaleza,211130,ACP de S�o Lu�s,0,,210530,Imperatriz,0,,0,,0,,0,,230440,ACP de Fortaleza,1c,211130,ACP de S�o Lu�s,2a,210530,Imperatriz,2c,0,,,,,,,,,"MULTILINESTRING ((-46.03641483449968 -7.533399945424481, -47.476424291927195 -5.526385112308809))"
RedeUrbanaSintese_Regic2007.63,63,210232,Buriticupu,5,Centro Local,n�o,210530,Imperatriz,2c,Capital Regional C,,,0,,230440,ACP de Fortaleza,211130,ACP de S�o Lu�s,0,,210530,Imperatriz,0,,0,,0,,0,,230440,ACP de Fortaleza,1c,211130,ACP de S�o Lu�s,2a,210530,Imperatriz,2c,0,,,,,,,,,"MULTILINESTRING ((-46.40141529096343 -4.34637757746648, -47.476424291927195 -5.526385112308809))"
RedeUrbanaSintese_Regic2007.64,64,210235,Buritirana,5,Centro Local,n�o,210530,Imperatriz,2c,Capital Regional C,,,0,,230440,ACP de Fortaleza,211130,ACP de S�o Lu�s,0,,210530,Imperatriz,0,,0,,0,,0,,230440,ACP de Fortaleza,1c,211130,ACP de S�o Lu�s,2a,210530,Imperatriz,2c,0,,,,,,,,,"MULTILINESTRING ((-47.01842083576539 -5.593385899636604, -47.476424291927195 -5.526385112308809))"
RedeUrbanaSintese_Regic2007.65,65,210255,Campestre do Maranh�o,5,Centro Local,n�o,210530,Imperatriz,2c,Capital Regional C,,,0,,230440,ACP de Fortaleza,211130,ACP de S�o Lu�s,0,,210530,Imperatriz,0,,0,,0,,0,,230440,ACP de Fortaleza,1c,211130,ACP de S�o Lu�s,2a,210530,Imperatriz,2c,0,,,,,,,,,"MULTILINESTRING ((-47.364423923509236 -6.172389584423566, -47.476424291927195 -5.526385112308809))"
RedeUrbanaSintese_Regic2007.66,66,210325,Cidel�ndia,5,Centro Local,n�o,210530,Imperatriz,2c,Capital Regional C,,,0,,230440,ACP de Fortaleza,211130,ACP de S�o Lu�s,0,,210530,Imperatriz,0,,0,,0,,0,,230440,ACP de Fortaleza,1c,211130,ACP de S�o Lu�s,2a,210530,Imperatriz,2c,0,,,,,,,,,"MULTILINESTRING ((-47.782426373629434 -5.174382497917183, -47.476424291927195 -5.526385112308809))"
RedeUrbanaSintese_Regic2007.67,67,210375,Davin�polis,5,Centro Local,n�o,210530,Imperatriz,2c,Capital Regional C,,,0,,230440,ACP de Fortaleza,211130,ACP de S�o Lu�s,0,,210530,Imperatriz,0,,0,,0,,0,,230440,ACP de Fortaleza,1c,211130,ACP de S�o Lu�s,2a,210530,Imperatriz,2c,0,,,,,,,,,"MULTILINESTRING ((-47.42642393364468 -5.558385367046101, -47.476424291927195 -5.526385112308809))"
RedeUrbanaSintese_Regic2007.68,68,210405,Estreito,5,Centro Local,n�o,210530,Imperatriz,2c,Capital Regional C,,,0,,230440,ACP de Fortaleza,211130,ACP de S�o Lu�s,0,,210530,Imperatriz,0,,0,,0,,0,,230440,ACP de Fortaleza,1c,211130,ACP de S�o Lu�s,2a,210530,Imperatriz,2c,0,,,,,,,,,"MULTILINESTRING ((-47.45142490744236 -6.561392131236224, -47.476424291927195 -5.526385112308809))"
RedeUrbanaSintese_Regic2007.69,69,150270,Concei��o do Araguaia,4a,Centro de Zona A,sim,150613,Reden��o,3a,Centro Subregional A,,,0,,520870,ACP de Goi�nia,0,,172100,Palmas,170210,Aragua�na,150613,Reden��o,0,,0,,0,,520870,ACP de Goi�nia,1c,172100,Palmas,2b,170210,Aragua�na,2c,150613,Reden��o,3a,,,,,,,"MULTILINESTRING ((-49.2654402300669 -8.25840136388153, -50.03144562750903 -8.029399104074354))"
RedeUrbanaSintese_Regic2007.70,70,210455,Governador Edison Lob�o,5,Centro Local,n�o,210530,Imperatriz,2c,Capital Regional C,,,0,,230440,ACP de Fortaleza,211130,ACP de S�o Lu�s,0,,210530,Imperatriz,0,,0,,0,,0,,230440,ACP de Fortaleza,1c,211130,ACP de S�o Lu�s,2a,210530,Imperatriz,2c,0,,,,,,,,,"MULTILINESTRING ((-47.36142357656228 -5.749386716523293, -47.476424291927195 -5.526385112308809))"
RedeUrbanaSintese_Regic2007.71,71,210480,Graja�,4b,Centro de Zona B,n�o,210530,Imperatriz,2c,Capital Regional C,,,0,,230440,ACP de Fortaleza,211130,ACP de S�o Lu�s,0,,210530,Imperatriz,0,,0,,0,,0,,230440,ACP de Fortaleza,1c,211130,ACP de S�o Lu�s,2a,210530,Imperatriz,2c,0,,,,,,,,,"MULTILINESTRING ((-46.139414197260756 -5.819388100009794, -47.476424291927195 -5.526385112308809))"
RedeUrbanaSintese_Regic2007.72,72,210550,Jo�o Lisboa,5,Centro Local,n�o,210530,Imperatriz,2c,Capital Regional C,,,0,,230440,ACP de Fortaleza,211130,ACP de S�o Lu�s,0,,210530,Imperatriz,0,,0,,0,,0,,230440,ACP de Fortaleza,1c,211130,ACP de S�o Lu�s,2a,210530,Imperatriz,2c,0,,,,,,,,,"MULTILINESTRING ((-47.401423664827846 -5.448384633038597, -47.476424291927195 -5.526385112308809))"
RedeUrbanaSintese_Regic2007.73,73,210598,Lajeado Novo,5,Centro Local,n�o,210530,Imperatriz,2c,Capital Regional C,,,0,,230440,ACP de Fortaleza,211130,ACP de S�o Lu�s,0,,210530,Imperatriz,0,,0,,0,,0,,230440,ACP de Fortaleza,1c,211130,ACP de S�o Lu�s,2a,210530,Imperatriz,2c,0,,,,,,,,,"MULTILINESTRING ((-47.03542141509431 -6.189389961114959, -47.476424291927195 -5.526385112308809))"
RedeUrbanaSintese_Regic2007.74,74,210700,Montes Altos,5,Centro Local,n�o,210530,Imperatriz,2c,Capital Regional C,,,0,,230440,ACP de Fortaleza,211130,ACP de S�o Lu�s,0,,210530,Imperatriz,0,,0,,0,,0,,230440,ACP de Fortaleza,1c,211130,ACP de S�o Lu�s,2a,210530,Imperatriz,2c,0,,,,,,,,,"MULTILINESTRING ((-47.0674213859124 -5.831387495527247, -47.476424291927195 -5.526385112308809))"
RedeUrbanaSintese_Regic2007.75,75,210900,Porto Franco,5,Centro Local,n�o,210530,Imperatriz,2c,Capital Regional C,,,0,,230440,ACP de Fortaleza,211130,ACP de S�o Lu�s,0,,210530,Imperatriz,0,,0,,0,,0,,230440,ACP de Fortaleza,1c,211130,ACP de S�o Lu�s,2a,210530,Imperatriz,2c,0,,,,,,,,,"MULTILINESTRING ((-47.399424324811605 -6.338390676100876, -47.476424291927195 -5.526385112308809))"
RedeUrbanaSintese_Regic2007.76,76,210955,Ribamar Fiquene,5,Centro Local,n�o,210530,Imperatriz,2c,Capital Regional C,,,0,,230440,ACP de Fortaleza,211130,ACP de S�o Lu�s,0,,210530,Imperatriz,0,,0,,0,,0,,230440,ACP de Fortaleza,1c,211130,ACP de S�o Lu�s,2a,210530,Imperatriz,2c,0,,,,,,,,,"MULTILINESTRING ((-47.38442388771651 -5.930387929860914, -47.476424291927195 -5.526385112308809))"
RedeUrbanaSintese_Regic2007.77,77,211085,S�o Francisco do Brej�o,5,Centro Local,n�o,210530,Imperatriz,2c,Capital Regional C,,,0,,230440,ACP de Fortaleza,211130,ACP de S�o Lu�s,0,,210530,Imperatriz,0,,0,,0,,0,,230440,ACP de Fortaleza,1c,211130,ACP de S�o Lu�s,2a,210530,Imperatriz,2c,0,,,,,,,,,"MULTILINESTRING ((-47.38642332969228 -5.123382413213364, -47.476424291927195 -5.526385112308809))"
RedeUrbanaSintese_Regic2007.78,78,211105,S�o Jo�o do Para�so,5,Centro Local,n�o,210530,Imperatriz,2c,Capital Regional C,,,0,,230440,ACP de Fortaleza,211130,ACP de S�o Lu�s,0,,210530,Imperatriz,0,,0,,0,,0,,230440,ACP de Fortaleza,1c,211130,ACP de S�o Lu�s,2a,210530,Imperatriz,2c,0,,,,,,,,,"MULTILINESTRING ((-47.058421812605 -6.46139178739273, -47.476424291927195 -5.526385112308809))"
RedeUrbanaSintese_Regic2007.79,79,211153,S�o Pedro da �gua Branca,5,Centro Local,n�o,210530,Imperatriz,2c,Capital Regional C,,,0,,230440,ACP de Fortaleza,211130,ACP de S�o Lu�s,0,,210530,Imperatriz,0,,0,,0,,0,,230440,ACP de Fortaleza,1c,211130,ACP de S�o Lu�s,2a,210530,Imperatriz,2c,0,,,,,,,,,"MULTILINESTRING ((-48.42943118942223 -5.085381460443167, -47.476424291927195 -5.526385112308809))"
RedeUrbanaSintese_Regic2007.80,80,150276,Cumaru do Norte,5,Centro Local,sim,150613,Reden��o,3a,Centro Subregional A,,,0,,520870,ACP de Goi�nia,0,,172100,Palmas,170210,Aragua�na,150613,Reden��o,0,,0,,0,,520870,ACP de Goi�nia,1c,172100,Palmas,2b,170210,Aragua�na,2c,150613,Reden��o,3a,,,,,,,"MULTILINESTRING ((-50.77345079964426 -7.825397052073571, -50.03144562750903 -8.029399104074354))"
RedeUrbanaSintese_Regic2007.81,81,211176,Senador La Rocque,5,Centro Local,n�o,210530,Imperatriz,2c,Capital Regional C,,,0,,230440,ACP de Fortaleza,211130,ACP de S�o Lu�s,0,,210530,Imperatriz,0,,0,,0,,0,,230440,ACP de Fortaleza,1c,211130,ACP de S�o Lu�s,2a,210530,Imperatriz,2c,0,,,,,,,,,"MULTILINESTRING ((-47.29142282136053 -5.4433846756585345, -47.476424291927195 -5.526385112308809))"
RedeUrbanaSintese_Regic2007.351,351,240890,Parelhas,4b,Centro de Zona B,sim,240200,Caic�,3a,Centro Subregional A,,,0,,261160,ACP de Recife,240810,ACP de Natal,0,,0,,240200,Caic�,0,,0,,0,,261160,ACP de Recife,1c,240810,ACP de Natal,2a,240200,Caic�,3a,0,,,,,,,,,"MULTILINESTRING ((-36.65833552239641 -6.688401347116455, -37.09833927029164 -6.458399228225962))"
RedeUrbanaSintese_Regic2007.82,82,211180,S�tio Novo,5,Centro Local,n�o,210530,Imperatriz,2c,Capital Regional C,,,0,,230440,ACP de Fortaleza,211130,ACP de S�o Lu�s,0,,210530,Imperatriz,0,,0,,0,,0,,230440,ACP de Fortaleza,1c,211130,ACP de S�o Lu�s,2a,210530,Imperatriz,2c,0,,,,,,,,,"MULTILINESTRING ((-46.699418586699636 -5.878388093399563, -47.476424291927195 -5.526385112308809))"
RedeUrbanaSintese_Regic2007.83,83,211285,Vila Nova dos Mart�rios,5,Centro Local,n�o,210530,Imperatriz,2c,Capital Regional C,,,0,,230440,ACP de Fortaleza,211130,ACP de S�o Lu�s,0,,210530,Imperatriz,0,,0,,0,,0,,230440,ACP de Fortaleza,1c,211130,ACP de S�o Lu�s,2a,210530,Imperatriz,2c,0,,,,,,,,,"MULTILINESTRING ((-48.136429057453554 -5.188382353870895, -47.476424291927195 -5.526385112308809))"
RedeUrbanaSintese_Regic2007.84,84,210193,Bernardo do Mearim,5,Centro Local,n�o,210820,Pedreiras,3b,Centro Subregional B,,,0,,230440,ACP de Fortaleza,211130,ACP de S�o Lu�s,0,,0,,0,,210820,Pedreiras,0,,0,,230440,ACP de Fortaleza,1c,211130,ACP de S�o Lu�s,2a,210820,Pedreiras,3b,0,,,,,,,,,"MULTILINESTRING ((-44.76440257545397 -4.584380201400393, -44.59740123985889 -4.574380222226377))"
RedeUrbanaSintese_Regic2007.85,85,210275,Capinzal do Norte,5,Centro Local,n�o,210820,Pedreiras,3b,Centro Subregional B,,,0,,230440,ACP de Fortaleza,211130,ACP de S�o Lu�s,0,,0,,0,,210820,Pedreiras,0,,0,,230440,ACP de Fortaleza,1c,211130,ACP de S�o Lu�s,2a,210820,Pedreiras,3b,0,,,,,,,,,"MULTILINESTRING ((-44.32739916996998 -4.728381501158856, -44.59740123985889 -4.574380222226377))"
RedeUrbanaSintese_Regic2007.86,86,210400,Esperantin�polis,4b,Centro de Zona B,n�o,210820,Pedreiras,3b,Centro Subregional B,,,0,,230440,ACP de Fortaleza,211130,ACP de S�o Lu�s,0,,0,,0,,210820,Pedreiras,0,,0,,230440,ACP de Fortaleza,1c,211130,ACP de S�o Lu�s,2a,210820,Pedreiras,3b,0,,,,,,,,,"MULTILINESTRING ((-44.68840214307284 -4.883382417599288, -44.59740123985889 -4.574380222226377))"
RedeUrbanaSintese_Regic2007.87,87,210520,Igarap� Grande,5,Centro Local,n�o,210820,Pedreiras,3b,Centro Subregional B,,,0,,230440,ACP de Fortaleza,211130,ACP de S�o Lu�s,0,,0,,0,,210820,Pedreiras,0,,0,,230440,ACP de Fortaleza,1c,211130,ACP de S�o Lu�s,2a,210820,Pedreiras,3b,0,,,,,,,,,"MULTILINESTRING ((-44.85340328308323 -4.585380158279328, -44.59740123985889 -4.574380222226377))"
RedeUrbanaSintese_Regic2007.88,88,210560,Josel�ndia,5,Centro Local,n�o,210820,Pedreiras,3b,Centro Subregional B,,,0,,230440,ACP de Fortaleza,211130,ACP de S�o Lu�s,0,,0,,0,,210820,Pedreiras,0,,0,,230440,ACP de Fortaleza,1c,211130,ACP de S�o Lu�s,2a,210820,Pedreiras,3b,0,,,,,,,,,"MULTILINESTRING ((-44.700402288713 -4.967383018354068, -44.59740123985889 -4.574380222226377))"
RedeUrbanaSintese_Regic2007.89,89,210580,Lago do Junco,5,Centro Local,n�o,210820,Pedreiras,3b,Centro Subregional B,,,0,,230440,ACP de Fortaleza,211130,ACP de S�o Lu�s,0,,0,,0,,210820,Pedreiras,0,,0,,230440,ACP de Fortaleza,1c,211130,ACP de S�o Lu�s,2a,210820,Pedreiras,3b,0,,,,,,,,,"MULTILINESTRING ((-45.04940484987874 -4.609380221365083, -44.59740123985889 -4.574380222226377))"
RedeUrbanaSintese_Regic2007.90,90,210600,Lima Campos,5,Centro Local,n�o,210820,Pedreiras,3b,Centro Subregional B,,,0,,230440,ACP de Fortaleza,211130,ACP de S�o Lu�s,0,,0,,0,,210820,Pedreiras,0,,0,,230440,ACP de Fortaleza,1c,211130,ACP de S�o Lu�s,2a,210820,Pedreiras,3b,0,,,,,,,,,"MULTILINESTRING ((-44.46740017312299 -4.520379899845213, -44.59740123985889 -4.574380222226377))"
RedeUrbanaSintese_Regic2007.91,91,150304,Floresta do Araguaia,5,Centro Local,sim,150613,Reden��o,3a,Centro Subregional A,,,0,,520870,ACP de Goi�nia,0,,172100,Palmas,170210,Aragua�na,150613,Reden��o,0,,0,,0,,520870,ACP de Goi�nia,1c,172100,Palmas,2b,170210,Aragua�na,2c,150613,Reden��o,3a,,,,,,,"MULTILINESTRING ((-49.713442793133865 -7.554396476344217, -50.03144562750903 -8.029399104074354))"
RedeUrbanaSintese_Regic2007.92,92,210890,Po��o de Pedras,5,Centro Local,n�o,210820,Pedreiras,3b,Centro Subregional B,,,0,,230440,ACP de Fortaleza,211130,ACP de S�o Lu�s,0,,0,,0,,210820,Pedreiras,0,,0,,230440,ACP de Fortaleza,1c,211130,ACP de S�o Lu�s,2a,210820,Pedreiras,3b,0,,,,,,,,,"MULTILINESTRING ((-44.943404089144316 -4.746381273578137, -44.59740123985889 -4.574380222226377))"
RedeUrbanaSintese_Regic2007.93,93,211030,Santo Ant�nio dos Lopes,5,Centro Local,n�o,210820,Pedreiras,3b,Centro Subregional B,,,0,,230440,ACP de Fortaleza,211130,ACP de S�o Lu�s,0,,0,,0,,210820,Pedreiras,0,,0,,230440,ACP de Fortaleza,1c,211130,ACP de S�o Lu�s,2a,210820,Pedreiras,3b,0,,,,,,,,,"MULTILINESTRING ((-44.3603995164976 -4.8693825109677995, -44.59740123985889 -4.574380222226377))"
RedeUrbanaSintese_Regic2007.94,94,211163,S�o Raimundo do Doca Bezerra,5,Centro Local,n�o,210820,Pedreiras,3b,Centro Subregional B,,,0,,230440,ACP de Fortaleza,211130,ACP de S�o Lu�s,0,,0,,0,,210820,Pedreiras,0,,0,,230440,ACP de Fortaleza,1c,211130,ACP de S�o Lu�s,2a,210820,Pedreiras,3b,0,,,,,,,,,"MULTILINESTRING ((-45.07740536772898 -5.105383779340018, -44.59740123985889 -4.574380222226377))"
RedeUrbanaSintese_Regic2007.95,95,211223,Trizidela do Vale,5,Centro Local,n�o,210820,Pedreiras,3b,Centro Subregional B,,,0,,230440,ACP de Fortaleza,211130,ACP de S�o Lu�s,0,,0,,0,,210820,Pedreiras,0,,0,,230440,ACP de Fortaleza,1c,211130,ACP de S�o Lu�s,2a,210820,Pedreiras,3b,0,,,,,,,,,"MULTILINESTRING ((-44.62840146704421 -4.538379941992709, -44.59740123985889 -4.574380222226377))"
RedeUrbanaSintese_Regic2007.96,96,210190,Bequim�o,5,Centro Local,n�o,210860,Pinheiro,3a,Centro Subregional A,,,0,,230440,ACP de Fortaleza,211130,ACP de S�o Lu�s,0,,0,,210860,Pinheiro,0,,0,,0,,230440,ACP de Fortaleza,1c,211130,ACP de S�o Lu�s,2a,210860,Pinheiro,3a,0,,,,,,,,,"MULTILINESTRING ((-44.78340181096811 -2.4493643979969058, -45.083404206837365 -2.5213648455232143))"
RedeUrbanaSintese_Regic2007.97,97,210317,Centro Novo do Maranh�o,5,Centro Local,n�o,210860,Pinheiro,3a,Centro Subregional A,,,0,,230440,ACP de Fortaleza,211130,ACP de S�o Lu�s,0,,0,,210860,Pinheiro,0,,0,,0,,230440,ACP de Fortaleza,1c,211130,ACP de S�o Lu�s,2a,210860,Pinheiro,3a,0,,,,,,,,,"MULTILINESTRING ((-46.128412269217414 -2.1073614661691535, -45.083404206837365 -2.5213648455232143))"
RedeUrbanaSintese_Regic2007.98,98,210370,Cururupu,4a,Centro de Zona A,n�o,210860,Pinheiro,3a,Centro Subregional A,,,0,,230440,ACP de Fortaleza,211130,ACP de S�o Lu�s,0,,0,,210860,Pinheiro,0,,0,,0,,230440,ACP de Fortaleza,1c,211130,ACP de S�o Lu�s,2a,210860,Pinheiro,3a,0,,,,,,,,,"MULTILINESTRING ((-44.868402322645835 -1.828359687225083, -45.083404206837365 -2.5213648455232143))"
RedeUrbanaSintese_Regic2007.99,99,210467,Governador Nunes Freire,4a,Centro de Zona A,n�o,210860,Pinheiro,3a,Centro Subregional A,,,0,,230440,ACP de Fortaleza,211130,ACP de S�o Lu�s,0,,0,,210860,Pinheiro,0,,0,,0,,230440,ACP de Fortaleza,1c,211130,ACP de S�o Lu�s,2a,210860,Pinheiro,3a,0,,,,,,,,,"MULTILINESTRING ((-45.88541038356327 -2.126361671481934, -45.083404206837365 -2.5213648455232143))"
RedeUrbanaSintese_Regic2007.100,100,210650,Matinha,5,Centro Local,n�o,210860,Pinheiro,3a,Centro Subregional A,,,0,,230440,ACP de Fortaleza,211130,ACP de S�o Lu�s,0,,0,,210860,Pinheiro,0,,0,,0,,230440,ACP de Fortaleza,1c,211130,ACP de S�o Lu�s,2a,210860,Pinheiro,3a,0,,,,,,,,,"MULTILINESTRING ((-45.034404019185985 -3.1013691803768504, -45.083404206837365 -2.5213648455232143))"
RedeUrbanaSintese_Regic2007.101,101,210760,Palmeir�ndia,5,Centro Local,n�o,210860,Pinheiro,3a,Centro Subregional A,,,0,,230440,ACP de Fortaleza,211130,ACP de S�o Lu�s,0,,0,,210860,Pinheiro,0,,0,,0,,230440,ACP de Fortaleza,1c,211130,ACP de S�o Lu�s,2a,210860,Pinheiro,3a,0,,,,,,,,,"MULTILINESTRING ((-44.89540275904703 -2.645365832896565, -45.083404206837365 -2.5213648455232143))"
RedeUrbanaSintese_Regic2007.352,352,241180,S�o Fernando,5,Centro Local,sim,240200,Caic�,3a,Centro Subregional A,,,0,,261160,ACP de Recife,240810,ACP de Natal,0,,0,,240200,Caic�,0,,0,,0,,261160,ACP de Recife,1c,240810,ACP de Natal,2a,240200,Caic�,3a,0,,,,,,,,,"MULTILINESTRING ((-37.184339976384855 -6.37639852229921, -37.09833927029164 -6.458399228225962))"
RedeUrbanaSintese_Regic2007.102,102,150555,Pau d'Arco,5,Centro Local,sim,150613,Reden��o,3a,Centro Subregional A,,,0,,520870,ACP de Goi�nia,0,,172100,Palmas,170210,Aragua�na,150613,Reden��o,0,,0,,0,,520870,ACP de Goi�nia,1c,172100,Palmas,2b,170210,Aragua�na,2c,150613,Reden��o,3a,,,,,,,"MULTILINESTRING ((-50.04444551127773 -7.833397875934685, -50.03144562750903 -8.029399104074354))"
RedeUrbanaSintese_Regic2007.103,103,210825,Pedro do Ros�rio,5,Centro Local,n�o,210860,Pinheiro,3a,Centro Subregional A,,,0,,230440,ACP de Fortaleza,211130,ACP de S�o Lu�s,0,,0,,210860,Pinheiro,0,,0,,0,,230440,ACP de Fortaleza,1c,211130,ACP de S�o Lu�s,2a,210860,Pinheiro,3a,0,,,,,,,,,"MULTILINESTRING ((-45.349406454723216 -2.973368114420123, -45.083404206837365 -2.5213648455232143))"
RedeUrbanaSintese_Regic2007.104,104,210840,Peri Mirim,5,Centro Local,n�o,210860,Pinheiro,3a,Centro Subregional A,,,0,,230440,ACP de Fortaleza,211130,ACP de S�o Lu�s,0,,0,,210860,Pinheiro,0,,0,,0,,230440,ACP de Fortaleza,1c,211130,ACP de S�o Lu�s,2a,210860,Pinheiro,3a,0,,,,,,,,,"MULTILINESTRING ((-44.85440241336994 -2.578365344347853, -45.083404206837365 -2.5213648455232143))"
RedeUrbanaSintese_Regic2007.105,105,210927,Presidente Sarney,5,Centro Local,n�o,210860,Pinheiro,3a,Centro Subregional A,,,0,,230440,ACP de Fortaleza,211130,ACP de S�o Lu�s,0,,0,,210860,Pinheiro,0,,0,,0,,230440,ACP de Fortaleza,1c,211130,ACP de S�o Lu�s,2a,210860,Pinheiro,3a,0,,,,,,,,,"MULTILINESTRING ((-45.36440644202306 -2.5913652783047203, -45.083404206837365 -2.5213648455232143))"
RedeUrbanaSintese_Regic2007.106,106,210980,Santa Helena,4b,Centro de Zona B,n�o,210860,Pinheiro,3a,Centro Subregional A,,,0,,230440,ACP de Fortaleza,211130,ACP de S�o Lu�s,0,,0,,210860,Pinheiro,0,,0,,0,,230440,ACP de Fortaleza,1c,211130,ACP de S�o Lu�s,2a,210860,Pinheiro,3a,0,,,,,,,,,"MULTILINESTRING ((-45.30040583172858 -2.2313626128280815, -45.083404206837365 -2.5213648455232143))"
RedeUrbanaSintese_Regic2007.107,107,211240,Turia�u,5,Centro Local,n�o,210860,Pinheiro,3a,Centro Subregional A,,,0,,230440,ACP de Fortaleza,211130,ACP de S�o Lu�s,0,,0,,210860,Pinheiro,0,,0,,0,,230440,ACP de Fortaleza,1c,211130,ACP de S�o Lu�s,2a,210860,Pinheiro,3a,0,,,,,,,,,"MULTILINESTRING ((-45.37240626193772 -1.6633583312474445, -45.083404206837365 -2.5213648455232143))"
RedeUrbanaSintese_Regic2007.108,108,210350,Colinas,4b,Centro de Zona B,n�o,210910,Presidente Dutra,3b,Centro Subregional B,,,0,,230440,ACP de Fortaleza,211130,ACP de S�o Lu�s,0,,0,,0,,210910,Presidente Dutra,0,,0,,230440,ACP de Fortaleza,1c,211130,ACP de S�o Lu�s,2a,210910,Presidente Dutra,3b,0,,,,,,,,,"MULTILINESTRING ((-44.249399390440686 -6.026390948189253, -44.49040081576228 -5.2903854864052695))"
RedeUrbanaSintese_Regic2007.109,109,210380,Dom Pedro,5,Centro Local,n�o,210910,Presidente Dutra,3b,Centro Subregional B,,,0,,230440,ACP de Fortaleza,211130,ACP de S�o Lu�s,0,,0,,0,,210910,Presidente Dutra,0,,0,,230440,ACP de Fortaleza,1c,211130,ACP de S�o Lu�s,2a,210910,Presidente Dutra,3b,0,,,,,,,,,"MULTILINESTRING ((-44.436400222934935 -5.033383658204259, -44.49040081576228 -5.2903854864052695))"
RedeUrbanaSintese_Regic2007.110,110,210450,Governador Archer,5,Centro Local,n�o,210910,Presidente Dutra,3b,Centro Subregional B,,,0,,230440,ACP de Fortaleza,211130,ACP de S�o Lu�s,0,,0,,0,,210910,Presidente Dutra,0,,0,,230440,ACP de Fortaleza,1c,211130,ACP de S�o Lu�s,2a,210910,Presidente Dutra,3b,0,,,,,,,,,"MULTILINESTRING ((-44.27139889447077 -5.022383679219213, -44.49040081576228 -5.2903854864052695))"
RedeUrbanaSintese_Regic2007.111,111,210460,Governador Eug�nio Barros,5,Centro Local,n�o,210910,Presidente Dutra,3b,Centro Subregional B,,,0,,230440,ACP de Fortaleza,211130,ACP de S�o Lu�s,0,,0,,0,,210910,Presidente Dutra,0,,0,,230440,ACP de Fortaleza,1c,211130,ACP de S�o Lu�s,2a,210910,Presidente Dutra,3b,0,,,,,,,,,"MULTILINESTRING ((-44.24739889106404 -5.3233858824419995, -44.49040081576228 -5.2903854864052695))"
RedeUrbanaSintese_Regic2007.112,112,210462,Governador Luiz Rocha,5,Centro Local,n�o,210910,Presidente Dutra,3b,Centro Subregional B,,,0,,230440,ACP de Fortaleza,211130,ACP de S�o Lu�s,0,,0,,0,,210910,Presidente Dutra,0,,0,,230440,ACP de Fortaleza,1c,211130,ACP de S�o Lu�s,2a,210910,Presidente Dutra,3b,0,,,,,,,,,"MULTILINESTRING ((-44.07439759588066 -5.469387054398918, -44.49040081576228 -5.2903854864052695))"
RedeUrbanaSintese_Regic2007.113,113,220920,Santa Filomena,5,Centro Local,sim,210050,Alto Parna�ba,4b,Centro de Zona B,,,0,,230440,ACP de Fortaleza,211130,ACP de S�o Lu�s,0,,210530,Imperatriz,0,,210140,Balsas,0,,210050,Alto Parna�ba,230440,ACP de Fortaleza,1c,211130,ACP de S�o Lu�s,2a,210530,Imperatriz,2c,210140,Balsas,3b,210050,Alto Parna�ba,4b,,,,"MULTILINESTRING ((-45.92241560143829 -9.112410597408934, -45.93041566308483 -9.111410582476662))"
RedeUrbanaSintese_Regic2007.114,114,150616,Rio Maria,5,Centro Local,sim,150613,Reden��o,3a,Centro Subregional A,,,0,,520870,ACP de Goi�nia,0,,172100,Palmas,170210,Aragua�na,150613,Reden��o,0,,0,,0,,520870,ACP de Goi�nia,1c,172100,Palmas,2b,170210,Aragua�na,2c,150613,Reden��o,3a,,,,,,,"MULTILINESTRING ((-50.04844500509459 -7.311394615797118, -50.03144562750903 -8.029399104074354))"
RedeUrbanaSintese_Regic2007.115,115,210470,Gra�a Aranha,5,Centro Local,n�o,210910,Presidente Dutra,3b,Centro Subregional B,,,0,,230440,ACP de Fortaleza,211130,ACP de S�o Lu�s,0,,0,,0,,210910,Presidente Dutra,0,,0,,230440,ACP de Fortaleza,1c,211130,ACP de S�o Lu�s,2a,210910,Presidente Dutra,3b,0,,,,,,,,,"MULTILINESTRING ((-44.334399644809054 -5.410386455668786, -44.49040081576228 -5.2903854864052695))"
RedeUrbanaSintese_Regic2007.116,116,210975,Santa Filomena do Maranh�o,5,Centro Local,n�o,210910,Presidente Dutra,3b,Centro Subregional B,,,0,,230440,ACP de Fortaleza,211130,ACP de S�o Lu�s,0,,0,,0,,210910,Presidente Dutra,0,,0,,230440,ACP de Fortaleza,1c,211130,ACP de S�o Lu�s,2a,210910,Presidente Dutra,3b,0,,,,,,,,,"MULTILINESTRING ((-44.561401521569266 -5.501386960303307, -44.49040081576228 -5.2903854864052695))"
RedeUrbanaSintese_Regic2007.117,117,211070,S�o Domingos do Maranh�o,5,Centro Local,n�o,210910,Presidente Dutra,3b,Centro Subregional B,,,0,,230440,ACP de Fortaleza,211130,ACP de S�o Lu�s,0,,0,,0,,210910,Presidente Dutra,0,,0,,230440,ACP de Fortaleza,1c,211130,ACP de S�o Lu�s,2a,210910,Presidente Dutra,3b,0,,,,,,,,,"MULTILINESTRING ((-44.38540016390089 -5.576387619142557, -44.49040081576228 -5.2903854864052695))"
RedeUrbanaSintese_Regic2007.118,118,211125,S�o Jos� dos Bas�lios,5,Centro Local,n�o,210910,Presidente Dutra,3b,Centro Subregional B,,,0,,230440,ACP de Fortaleza,211130,ACP de S�o Lu�s,0,,0,,0,,210910,Presidente Dutra,0,,0,,230440,ACP de Fortaleza,1c,211130,ACP de S�o Lu�s,2a,210910,Presidente Dutra,3b,0,,,,,,,,,"MULTILINESTRING ((-44.58440141547987 -5.051383697698908, -44.49040081576228 -5.2903854864052695))"
RedeUrbanaSintese_Regic2007.119,119,211174,Senador Alexandre Costa,5,Centro Local,n�o,210910,Presidente Dutra,3b,Centro Subregional B,,,0,,230440,ACP de Fortaleza,211130,ACP de S�o Lu�s,0,,0,,0,,210910,Presidente Dutra,0,,0,,230440,ACP de Fortaleza,1c,211130,ACP de S�o Lu�s,2a,210910,Presidente Dutra,3b,0,,,,,,,,,"MULTILINESTRING ((-44.05639731348627 -5.256385518332602, -44.49040081576228 -5.2903854864052695))"
RedeUrbanaSintese_Regic2007.120,120,211230,Tuntum,5,Centro Local,n�o,210910,Presidente Dutra,3b,Centro Subregional B,,,0,,230440,ACP de Fortaleza,211130,ACP de S�o Lu�s,0,,0,,0,,210910,Presidente Dutra,0,,0,,230440,ACP de Fortaleza,1c,211130,ACP de S�o Lu�s,2a,210910,Presidente Dutra,3b,0,,,,,,,,,"MULTILINESTRING ((-44.64940206430437 -5.258385152406389, -44.49040081576228 -5.2903854864052695))"
RedeUrbanaSintese_Regic2007.121,121,210237,Cachoeira Grande,5,Centro Local,n�o,210920,Presidente Juscelino,4b,Centro de Zona B,,,0,,230440,ACP de Fortaleza,211130,ACP de S�o Lu�s,0,,0,,0,,0,,0,,210920,Presidente Juscelino,230440,ACP de Fortaleza,1c,211130,ACP de S�o Lu�s,2a,210920,Presidente Juscelino,4b,0,,,,,,,,,"MULTILINESTRING ((-44.05839618310504 -2.927368238460777, -44.065396240333875 -2.928368243414024))"
RedeUrbanaSintese_Regic2007.122,122,210047,Alto Alegre do Pindar�,5,Centro Local,n�o,210990,Santa In�s,3a,Centro Subregional A,,,0,,230440,ACP de Fortaleza,211130,ACP de S�o Lu�s,0,,0,,210990,Santa In�s,0,,0,,0,,230440,ACP de Fortaleza,1c,211130,ACP de S�o Lu�s,2a,210990,Santa In�s,3a,0,,,,,,,,,"MULTILINESTRING ((-45.9034110897745 -3.690373127274411, -45.380406982549644 -3.667373200823611))"
RedeUrbanaSintese_Regic2007.123,123,210200,Bom Jardim,5,Centro Local,n�o,210990,Santa In�s,3a,Centro Subregional A,,,0,,230440,ACP de Fortaleza,211130,ACP de S�o Lu�s,0,,0,,210990,Santa In�s,0,,0,,0,,230440,ACP de Fortaleza,1c,211130,ACP de S�o Lu�s,2a,210990,Santa In�s,3a,0,,,,,,,,,"MULTILINESTRING ((-45.99441174272158 -3.565372181629996, -45.380406982549644 -3.667373200823611))"
RedeUrbanaSintese_Regic2007.124,124,210515,Igarap� do Meio,5,Centro Local,n�o,210990,Santa In�s,3a,Centro Subregional A,,,0,,230440,ACP de Fortaleza,211130,ACP de S�o Lu�s,0,,0,,210990,Santa In�s,0,,0,,0,,230440,ACP de Fortaleza,1c,211130,ACP de S�o Lu�s,2a,210990,Santa In�s,3a,0,,,,,,,,,"MULTILINESTRING ((-45.22740577463899 -3.661373226733844, -45.380406982549644 -3.667373200823611))"
RedeUrbanaSintese_Regic2007.125,125,150670,Santana do Araguaia,5,Centro Local,sim,150613,Reden��o,3a,Centro Subregional A,,,0,,520870,ACP de Goi�nia,0,,172100,Palmas,170210,Aragua�na,150613,Reden��o,0,,0,,0,,520870,ACP de Goi�nia,1c,172100,Palmas,2b,170210,Aragua�na,2c,150613,Reden��o,3a,,,,,,,"MULTILINESTRING ((-50.62545173112664 -9.50540733134766, -50.03144562750903 -8.029399104074354))"
RedeUrbanaSintese_Regic2007.126,126,210690,Mon��o,5,Centro Local,n�o,210990,Santa In�s,3a,Centro Subregional A,,,0,,230440,ACP de Fortaleza,211130,ACP de S�o Lu�s,0,,0,,210990,Santa In�s,0,,0,,0,,230440,ACP de Fortaleza,1c,211130,ACP de S�o Lu�s,2a,210990,Santa In�s,3a,0,,,,,,,,,"MULTILINESTRING ((-45.251405889659324 -3.4923719762936503, -45.380406982549644 -3.667373200823611))"
RedeUrbanaSintese_Regic2007.127,127,210850,Pindar�-Mirim,5,Centro Local,n�o,210990,Santa In�s,3a,Centro Subregional A,,,0,,230440,ACP de Fortaleza,211130,ACP de S�o Lu�s,0,,0,,210990,Santa In�s,0,,0,,0,,230440,ACP de Fortaleza,1c,211130,ACP de S�o Lu�s,2a,210990,Santa In�s,3a,0,,,,,,,,,"MULTILINESTRING ((-45.343406664777426 -3.6083727866053272, -45.380406982549644 -3.667373200823611))"
RedeUrbanaSintese_Regic2007.128,128,211000,Santa Luzia,5,Centro Local,n�o,210990,Santa In�s,3a,Centro Subregional A,,,0,,230440,ACP de Fortaleza,211130,ACP de S�o Lu�s,0,,0,,210990,Santa In�s,0,,0,,0,,230440,ACP de Fortaleza,1c,211130,ACP de S�o Lu�s,2a,210990,Santa In�s,3a,0,,,,,,,,,"MULTILINESTRING ((-45.690409607874734 -4.069375971572328, -45.380406982549644 -3.667373200823611))"
RedeUrbanaSintese_Regic2007.129,129,211003,Santa Luzia do Paru�,4b,Centro de Zona B,n�o,210990,Santa In�s,3a,Centro Subregional A,,,0,,230440,ACP de Fortaleza,211130,ACP de S�o Lu�s,0,,0,,210990,Santa In�s,0,,0,,0,,230440,ACP de Fortaleza,1c,211130,ACP de S�o Lu�s,2a,210990,Santa In�s,3a,0,,,,,,,,,"MULTILINESTRING ((-45.77340965850549 -2.6293654260294836, -45.380406982549644 -3.667373200823611))"
RedeUrbanaSintese_Regic2007.130,130,211102,S�o Jo�o do Car�,5,Centro Local,n�o,210990,Santa In�s,3a,Centro Subregional A,,,0,,230440,ACP de Fortaleza,211130,ACP de S�o Lu�s,0,,0,,210990,Santa In�s,0,,0,,0,,230440,ACP de Fortaleza,1c,211130,ACP de S�o Lu�s,2a,210990,Santa In�s,3a,0,,,,,,,,,"MULTILINESTRING ((-46.25641377431886 -3.55437198385061, -45.380406982549644 -3.667373200823611))"
RedeUrbanaSintese_Regic2007.131,131,211227,Tufil�ndia,5,Centro Local,n�o,210990,Santa In�s,3a,Centro Subregional A,,,0,,230440,ACP de Fortaleza,211130,ACP de S�o Lu�s,0,,0,,210990,Santa In�s,0,,0,,0,,230440,ACP de Fortaleza,1c,211130,ACP de S�o Lu�s,2a,210990,Santa In�s,3a,0,,,,,,,,,"MULTILINESTRING ((-45.554408377394665 -3.729373573224603, -45.380406982549644 -3.667373200823611))"
RedeUrbanaSintese_Regic2007.132,132,211290,Vit�ria do Mearim,5,Centro Local,n�o,210990,Santa In�s,3a,Centro Subregional A,,,0,,230440,ACP de Fortaleza,211130,ACP de S�o Lu�s,0,,0,,210990,Santa In�s,0,,0,,0,,230440,ACP de Fortaleza,1c,211130,ACP de S�o Lu�s,2a,210990,Santa In�s,3a,0,,,,,,,,,"MULTILINESTRING ((-44.871402873917035 -3.462371919404039, -45.380406982549644 -3.667373200823611))"
RedeUrbanaSintese_Regic2007.133,133,210135,Bacurituba,5,Centro Local,n�o,211050,S�o Bento,4b,Centro de Zona B,,,0,,230440,ACP de Fortaleza,211130,ACP de S�o Lu�s,0,,0,,0,,0,,0,,211050,S�o Bento,230440,ACP de Fortaleza,1c,211130,ACP de S�o Lu�s,2a,211050,S�o Bento,4b,0,,,,,,,,,"MULTILINESTRING ((-44.73840153444806 -2.706366341391739, -44.82140218994945 -2.696366238879658))"
RedeUrbanaSintese_Regic2007.134,134,210240,Cajapi�,5,Centro Local,n�o,211050,S�o Bento,4b,Centro de Zona B,,,0,,230440,ACP de Fortaleza,211130,ACP de S�o Lu�s,0,,0,,0,,0,,0,,211050,S�o Bento,230440,ACP de Fortaleza,1c,211130,ACP de S�o Lu�s,2a,211050,S�o Bento,4b,0,,,,,,,,,"MULTILINESTRING ((-44.67540109337855 -2.8813676734385343, -44.82140218994945 -2.696366238879658))"
RedeUrbanaSintese_Regic2007.135,135,210592,Lagoa do Mato,5,Centro Local,n�o,211110,S�o Jo�o dos Patos,4b,Centro de Zona B,,,0,,230440,ACP de Fortaleza,221100,ACP de Teresina,0,,0,,0,,0,,0,,211110,S�o Jo�o dos Patos,230440,ACP de Fortaleza,1c,221100,ACP de Teresina,2a,211110,S�o Jo�o dos Patos,4b,0,,,,,,,,,"MULTILINESTRING ((-43.52639356620795 -6.047391626245068, -43.702395330649985 -6.495394725619448))"
RedeUrbanaSintese_Regic2007.136,136,150808,Tucum�,4b,Centro de Zona B,sim,150613,Reden��o,3a,Centro Subregional A,,,0,,520870,ACP de Goi�nia,0,,172100,Palmas,170210,Aragua�na,150613,Reden��o,0,,0,,0,,520870,ACP de Goi�nia,1c,172100,Palmas,2b,170210,Aragua�na,2c,150613,Reden��o,3a,,,,,,,"MULTILINESTRING ((-51.161452506675815 -6.748390043380451, -50.03144562750903 -8.029399104074354))"
RedeUrbanaSintese_Regic2007.137,137,210730,Nova Iorque,5,Centro Local,n�o,211110,S�o Jo�o dos Patos,4b,Centro de Zona B,,,0,,230440,ACP de Fortaleza,221100,ACP de Teresina,0,,0,,0,,0,,0,,211110,S�o Jo�o dos Patos,230440,ACP de Fortaleza,1c,221100,ACP de Teresina,2a,211110,S�o Jo�o dos Patos,4b,0,,,,,,,,,"MULTILINESTRING ((-44.04439828770142 -6.734396159109517, -43.702395330649985 -6.495394725619448))"
RedeUrbanaSintese_Regic2007.138,138,210770,Paraibano,5,Centro Local,n�o,211110,S�o Jo�o dos Patos,4b,Centro de Zona B,,,0,,230440,ACP de Fortaleza,221100,ACP de Teresina,0,,0,,0,,0,,0,,211110,S�o Jo�o dos Patos,230440,ACP de Fortaleza,1c,221100,ACP de Teresina,2a,211110,S�o Jo�o dos Patos,4b,0,,,,,,,,,"MULTILINESTRING ((-43.98439756355849 -6.433394061959945, -43.702395330649985 -6.495394725619448))"
RedeUrbanaSintese_Regic2007.139,139,210790,Passagem Franca,5,Centro Local,n�o,211110,S�o Jo�o dos Patos,4b,Centro de Zona B,,,0,,230440,ACP de Fortaleza,221100,ACP de Teresina,0,,0,,0,,0,,0,,211110,S�o Jo�o dos Patos,230440,ACP de Fortaleza,1c,221100,ACP de Teresina,2a,211110,S�o Jo�o dos Patos,4b,0,,,,,,,,,"MULTILINESTRING ((-43.78439575528577 -6.1803923986225735, -43.702395330649985 -6.495394725619448))"
RedeUrbanaSintese_Regic2007.140,140,210800,Pastos Bons,5,Centro Local,n�o,211110,S�o Jo�o dos Patos,4b,Centro de Zona B,,,0,,230440,ACP de Fortaleza,221100,ACP de Teresina,0,,0,,0,,0,,0,,211110,S�o Jo�o dos Patos,230440,ACP de Fortaleza,1c,221100,ACP de Teresina,2a,211110,S�o Jo�o dos Patos,4b,0,,,,,,,,,"MULTILINESTRING ((-44.077398447393364 -6.602395194095314, -43.702395330649985 -6.495394725619448))"
RedeUrbanaSintese_Regic2007.141,141,211195,Sucupira do Riach�o,5,Centro Local,n�o,211110,S�o Jo�o dos Patos,4b,Centro de Zona B,,,0,,230440,ACP de Fortaleza,221100,ACP de Teresina,0,,0,,0,,0,,0,,211110,S�o Jo�o dos Patos,230440,ACP de Fortaleza,1c,221100,ACP de Teresina,2a,211110,S�o Jo�o dos Patos,4b,0,,,,,,,,,"MULTILINESTRING ((-43.546393999747835 -6.411394242551855, -43.702395330649985 -6.495394725619448))"
RedeUrbanaSintese_Regic2007.142,142,210250,Cajari,5,Centro Local,n�o,211280,Viana,4b,Centro de Zona B,,,0,,230440,ACP de Fortaleza,211130,ACP de S�o Lu�s,0,,0,,0,,0,,0,,211280,Viana,230440,ACP de Fortaleza,1c,211130,ACP de S�o Lu�s,2a,211280,Viana,4b,0,,,,,,,,,"MULTILINESTRING ((-45.011403923595225 -3.3213708177641617, -45.00440382818899 -3.220370073939598))"
RedeUrbanaSintese_Regic2007.143,143,210745,Olinda Nova do Maranh�o,5,Centro Local,n�o,211280,Viana,4b,Centro de Zona B,,,0,,230440,ACP de Fortaleza,211130,ACP de S�o Lu�s,0,,0,,0,,0,,0,,211280,Viana,230440,ACP de Fortaleza,1c,211130,ACP de S�o Lu�s,2a,211280,Viana,4b,0,,,,,,,,,"MULTILINESTRING ((-44.99740368827927 -2.9983684301654727, -45.00440382818899 -3.220370073939598))"
RedeUrbanaSintese_Regic2007.144,144,210087,Araguan�,5,Centro Local,n�o,211400,Z� Doca,4b,Centro de Zona B,,,0,,230440,ACP de Fortaleza,211130,ACP de S�o Lu�s,0,,0,,0,,0,,0,,211400,Z� Doca,230440,ACP de Fortaleza,1c,211130,ACP de S�o Lu�s,2a,211400,Z� Doca,4b,0,,,,,,,,,"MULTILINESTRING ((-45.66540892650609 -2.9533678497556837, -45.824410280315696 -3.243369912894406))"
RedeUrbanaSintese_Regic2007.145,145,210465,Governador Newton Bello,5,Centro Local,n�o,211400,Z� Doca,4b,Centro de Zona B,,,0,,230440,ACP de Fortaleza,211130,ACP de S�o Lu�s,0,,0,,0,,0,,0,,211400,Z� Doca,230440,ACP de Fortaleza,1c,211130,ACP de S�o Lu�s,2a,211400,Z� Doca,4b,0,,,,,,,,,"MULTILINESTRING ((-45.6764091993153 -3.426371310671703, -45.824410280315696 -3.243369912894406))"
RedeUrbanaSintese_Regic2007.146,146,210923,Presidente M�dici,5,Centro Local,n�o,211400,Z� Doca,4b,Centro de Zona B,,,0,,230440,ACP de Fortaleza,211130,ACP de S�o Lu�s,0,,0,,0,,0,,0,,211400,Z� Doca,230440,ACP de Fortaleza,1c,211130,ACP de S�o Lu�s,2a,211400,Z� Doca,4b,0,,,,,,,,,"MULTILINESTRING ((-45.82040995028153 -2.3873636237871105, -45.824410280315696 -3.243369912894406))"
RedeUrbanaSintese_Regic2007.147,147,150840,Xinguara,4b,Centro de Zona B,sim,150613,Reden��o,3a,Centro Subregional A,,,0,,520870,ACP de Goi�nia,0,,172100,Palmas,170210,Aragua�na,150613,Reden��o,0,,0,,0,,520870,ACP de Goi�nia,1c,172100,Palmas,2b,170210,Aragua�na,2c,150613,Reden��o,3a,,,,,,,"MULTILINESTRING ((-49.94644404864154 -7.09539335628914, -50.03144562750903 -8.029399104074354))"
RedeUrbanaSintese_Regic2007.148,148,220945,Santo Ant�nio dos Milagres,5,Centro Local,n�o,220020,�gua Branca,4b,Centro de Zona B,,,0,,230440,ACP de Fortaleza,221100,ACP de Teresina,0,,0,,0,,0,,0,,220020,�gua Branca,230440,ACP de Fortaleza,1c,221100,ACP de Teresina,2a,220020,�gua Branca,4b,0,,,,,,,,,"MULTILINESTRING ((-42.71038690098084 -6.047392212314649, -42.638386199034734 -5.89039110806035))"
RedeUrbanaSintese_Regic2007.149,149,220695,Novo Santo Ant�nio,5,Centro Local,n�o,220030,Alto Long�,4b,Centro de Zona B,,,0,,230440,ACP de Fortaleza,221100,ACP de Teresina,0,,0,,0,,0,,0,,220030,Alto Long�,230440,ACP de Fortaleza,1c,221100,ACP de Teresina,2a,220030,Alto Long�,4b,0,,,,,,,,,"MULTILINESTRING ((-41.93337998372314 -5.288387081742583, -42.21038225558621 -5.251386633634931))"
RedeUrbanaSintese_Regic2007.150,150,211090,S�o Francisco do Maranh�o,5,Centro Local,n�o,220050,Amarante,4b,Centro de Zona B,,,0,,230440,ACP de Fortaleza,221100,ACP de Teresina,0,,0,,0,,0,,0,,220050,Amarante,230440,ACP de Fortaleza,1c,221100,ACP de Teresina,2a,220050,Amarante,4b,0,,,,,,,,,"MULTILINESTRING ((-42.85738825542057 -6.251393600988687, -42.85538823186711 -6.241393529415924))"
RedeUrbanaSintese_Regic2007.151,151,220177,Boa Hora,5,Centro Local,n�o,220120,Barras,4b,Centro de Zona B,,,0,,230440,ACP de Fortaleza,221100,ACP de Teresina,0,,0,,0,,0,,0,,220120,Barras,230440,ACP de Fortaleza,1c,221100,ACP de Teresina,2a,220120,Barras,4b,0,,,,,,,,,"MULTILINESTRING ((-42.08638076072516 -4.411380354387678, -42.296382412253145 -4.247378999576458))"
RedeUrbanaSintese_Regic2007.152,152,220217,Campo Largo do Piau�,5,Centro Local,n�o,220120,Barras,4b,Centro de Zona B,,,0,,230440,ACP de Fortaleza,221100,ACP de Teresina,0,,0,,0,,0,,0,,220120,Barras,230440,ACP de Fortaleza,1c,221100,ACP de Teresina,2a,220120,Barras,4b,0,,,,,,,,,"MULTILINESTRING ((-42.629384945464835 -3.812375528953733, -42.296382412253145 -4.247378999576458))"
RedeUrbanaSintese_Regic2007.153,153,220680,Nossa Senhora dos Rem�dios,5,Centro Local,n�o,220120,Barras,4b,Centro de Zona B,,,0,,230440,ACP de Fortaleza,221100,ACP de Teresina,0,,0,,0,,0,,0,,220120,Barras,230440,ACP de Fortaleza,1c,221100,ACP de Teresina,2a,220120,Barras,4b,0,,,,,,,,,"MULTILINESTRING ((-42.62138495644294 -3.9793768047049745, -42.296382412253145 -4.247378999576458))"
RedeUrbanaSintese_Regic2007.154,154,220850,Porto,5,Centro Local,n�o,220120,Barras,4b,Centro de Zona B,,,0,,230440,ACP de Fortaleza,221100,ACP de Teresina,0,,0,,0,,0,,0,,220120,Barras,230440,ACP de Fortaleza,1c,221100,ACP de Teresina,2a,220120,Barras,4b,0,,,,,,,,,"MULTILINESTRING ((-42.710385646512904 -3.8933761089147234, -42.296382412253145 -4.247378999576458))"
RedeUrbanaSintese_Regic2007.155,155,220045,Alvorada do Gurgu�ia,5,Centro Local,n�o,220190,Bom Jesus,4a,Centro de Zona A,,,0,,230440,ACP de Fortaleza,221100,ACP de Teresina,0,,0,,0,,0,,220190,Bom Jesus,0,,230440,ACP de Fortaleza,1c,221100,ACP de Teresina,2a,220190,Bom Jesus,4a,0,,,,,,,,,"MULTILINESTRING ((-43.777397676567325 -8.42440826103283, -44.35940308756605 -9.074412098185443))"
RedeUrbanaSintese_Regic2007.156,156,220275,Col�nia do Gurgu�ia,5,Centro Local,n�o,220190,Bom Jesus,4a,Centro de Zona A,,,0,,230440,ACP de Fortaleza,221100,ACP de Teresina,0,,0,,0,,0,,220190,Bom Jesus,0,,230440,ACP de Fortaleza,1c,221100,ACP de Teresina,2a,220190,Bom Jesus,4a,0,,,,,,,,,"MULTILINESTRING ((-43.79239755470797 -8.182406565649657, -44.35940308756605 -9.074412098185443))"
RedeUrbanaSintese_Regic2007.157,157,220310,Cristino Castro,5,Centro Local,n�o,220190,Bom Jesus,4a,Centro de Zona A,,,0,,230440,ACP de Fortaleza,221100,ACP de Teresina,0,,0,,0,,0,,220190,Bom Jesus,0,,230440,ACP de Fortaleza,1c,221100,ACP de Teresina,2a,220190,Bom Jesus,4a,0,,,,,,,,,"MULTILINESTRING ((-44.224401715353906 -8.818410504208265, -44.35940308756605 -9.074412098185443))"
RedeUrbanaSintese_Regic2007.158,158,150543,Ouril�ndia do Norte,5,Centro Local,sim,150808,Tucum�,4b,Centro de Zona B,,,0,,150140,ACP de Bel�m,0,,0,,150420,Marab�,150613,Reden��o,0,,0,,150808,Tucum�,150140,ACP de Bel�m,1c,150420,Marab�,2c,150613,Reden��o,3a,150808,Tucum�,4b,,,,,,,"MULTILINESTRING ((-51.084451963197296 -6.75539015794417, -51.161452506675815 -6.748390043380451))"
RedeUrbanaSintese_Regic2007.159,159,220320,Curimat�,4b,Centro de Zona B,n�o,220190,Bom Jesus,4a,Centro de Zona A,,,0,,230440,ACP de Fortaleza,221100,ACP de Teresina,0,,0,,0,,0,,220190,Bom Jesus,0,,230440,ACP de Fortaleza,1c,221100,ACP de Teresina,2a,220190,Bom Jesus,4a,0,,,,,,,,,"MULTILINESTRING ((-44.30640379138182 -10.03641862107564, -44.35940308756605 -9.074412098185443))"
RedeUrbanaSintese_Regic2007.160,160,220323,Currais,5,Centro Local,n�o,220190,Bom Jesus,4a,Centro de Zona A,,,0,,230440,ACP de Fortaleza,221100,ACP de Teresina,0,,0,,0,,0,,220190,Bom Jesus,0,,230440,ACP de Fortaleza,1c,221100,ACP de Teresina,2a,220190,Bom Jesus,4a,0,,,,,,,,,"MULTILINESTRING ((-44.411403432882004 -9.007411587375904, -44.35940308756605 -9.074412098185443))"
RedeUrbanaSintese_Regic2007.161,161,220660,Monte Alegre do Piau�,5,Centro Local,n�o,220190,Bom Jesus,4a,Centro de Zona A,,,0,,230440,ACP de Fortaleza,221100,ACP de Teresina,0,,0,,0,,0,,220190,Bom Jesus,0,,230440,ACP de Fortaleza,1c,221100,ACP de Teresina,2a,220190,Bom Jesus,4a,0,,,,,,,,,"MULTILINESTRING ((-45.30441146719398 -9.754415545134737, -44.35940308756605 -9.074412098185443))"
RedeUrbanaSintese_Regic2007.162,162,220740,Palmeira do Piau�,5,Centro Local,n�o,220190,Bom Jesus,4a,Centro de Zona A,,,0,,230440,ACP de Fortaleza,221100,ACP de Teresina,0,,0,,0,,0,,220190,Bom Jesus,0,,230440,ACP de Fortaleza,1c,221100,ACP de Teresina,2a,220190,Bom Jesus,4a,0,,,,,,,,,"MULTILINESTRING ((-44.23640171462835 -8.72740987053407, -44.35940308756605 -9.074412098185443))"
RedeUrbanaSintese_Regic2007.163,163,220870,Reden��o do Gurgu�ia,5,Centro Local,n�o,220190,Bom Jesus,4a,Centro de Zona A,,,0,,230440,ACP de Fortaleza,221100,ACP de Teresina,0,,0,,0,,0,,220190,Bom Jesus,0,,230440,ACP de Fortaleza,1c,221100,ACP de Teresina,2a,220190,Bom Jesus,4a,0,,,,,,,,,"MULTILINESTRING ((-44.58640539156746 -9.487414622659038, -44.35940308756605 -9.074412098185443))"
RedeUrbanaSintese_Regic2007.164,164,220930,Santa Luz,5,Centro Local,n�o,220190,Bom Jesus,4a,Centro de Zona A,,,0,,230440,ACP de Fortaleza,221100,ACP de Teresina,0,,0,,0,,0,,220190,Bom Jesus,0,,230440,ACP de Fortaleza,1c,221100,ACP de Teresina,2a,220190,Bom Jesus,4a,0,,,,,,,,,"MULTILINESTRING ((-44.129401094219006 -8.954411534070331, -44.35940308756605 -9.074412098185443))"
RedeUrbanaSintese_Regic2007.165,165,220194,Boqueir�o do Piau�,5,Centro Local,n�o,220220,Campo Maior,3b,Centro Subregional B,,,0,,230440,ACP de Fortaleza,221100,ACP de Teresina,0,,0,,0,,220220,Campo Maior,0,,0,,230440,ACP de Fortaleza,1c,221100,ACP de Teresina,2a,220220,Campo Maior,3b,0,,,,,,,,,"MULTILINESTRING ((-42.07438070073832 -4.487380938603814, -42.16938166934918 -4.828383473442668))"
RedeUrbanaSintese_Regic2007.166,166,220260,Castelo do Piau�,4b,Centro de Zona B,n�o,220220,Campo Maior,3b,Centro Subregional B,,,0,,230440,ACP de Fortaleza,221100,ACP de Teresina,0,,0,,0,,220220,Campo Maior,0,,0,,230440,ACP de Fortaleza,1c,221100,ACP de Teresina,2a,220220,Campo Maior,3b,0,,,,,,,,,"MULTILINESTRING ((-41.55337684360281 -5.322387570369729, -42.16938166934918 -4.828383473442668))"
RedeUrbanaSintese_Regic2007.167,167,220271,Cocal de Telha,5,Centro Local,n�o,220220,Campo Maior,3b,Centro Subregional B,,,0,,230440,ACP de Fortaleza,221100,ACP de Teresina,0,,0,,0,,220220,Campo Maior,0,,0,,230440,ACP de Fortaleza,1c,221100,ACP de Teresina,2a,220220,Campo Maior,3b,0,,,,,,,,,"MULTILINESTRING ((-41.9723798932888 -4.559381540842004, -42.16938166934918 -4.828383473442668))"
RedeUrbanaSintese_Regic2007.168,168,220527,Jatob� do Piau�,5,Centro Local,n�o,220220,Campo Maior,3b,Centro Subregional B,,,0,,230440,ACP de Fortaleza,221100,ACP de Teresina,0,,0,,0,,220220,Campo Maior,0,,0,,230440,ACP de Fortaleza,1c,221100,ACP de Teresina,2a,220220,Campo Maior,3b,0,,,,,,,,,"MULTILINESTRING ((-41.81837873037062 -4.771383236445504, -42.16938166934918 -4.828383473442668))"
RedeUrbanaSintese_Regic2007.169,169,150730,S�o F�lix do Xingu,5,Centro Local,sim,150808,Tucum�,4b,Centro de Zona B,,,0,,150140,ACP de Bel�m,0,,0,,150420,Marab�,150613,Reden��o,0,,0,,150808,Tucum�,150140,ACP de Bel�m,1c,150420,Marab�,2c,150613,Reden��o,3a,150808,Tucum�,4b,,,,,,,"MULTILINESTRING ((-51.99545832177326 -6.645388638764969, -51.161452506675815 -6.748390043380451))"
RedeUrbanaSintese_Regic2007.170,170,220675,Nossa Senhora de Nazar�,5,Centro Local,n�o,220220,Campo Maior,3b,Centro Subregional B,,,0,,230440,ACP de Fortaleza,221100,ACP de Teresina,0,,0,,0,,220220,Campo Maior,0,,0,,230440,ACP de Fortaleza,1c,221100,ACP de Teresina,2a,220220,Campo Maior,3b,0,,,,,,,,,"MULTILINESTRING ((-42.17338159496371 -4.631381979663381, -42.16938166934918 -4.828383473442668))"
RedeUrbanaSintese_Regic2007.171,171,221040,S�o Miguel do Tapuio,4b,Centro de Zona B,n�o,220220,Campo Maior,3b,Centro Subregional B,,,0,,230440,ACP de Fortaleza,221100,ACP de Teresina,0,,0,,0,,220220,Campo Maior,0,,0,,230440,ACP de Fortaleza,1c,221100,ACP de Teresina,2a,220220,Campo Maior,3b,0,,,,,,,,,"MULTILINESTRING ((-41.3233750342057 -5.504389091083046, -42.16938166934918 -4.828383473442668))"
RedeUrbanaSintese_Regic2007.172,172,221065,Sigefredo Pacheco,5,Centro Local,n�o,220220,Campo Maior,3b,Centro Subregional B,,,0,,230440,ACP de Fortaleza,221100,ACP de Teresina,0,,0,,0,,220220,Campo Maior,0,,0,,230440,ACP de Fortaleza,1c,221100,ACP de Teresina,2a,220220,Campo Maior,3b,0,,,,,,,,,"MULTILINESTRING ((-41.732378097593006 -4.918384401961515, -42.16938166934918 -4.828383473442668))"
RedeUrbanaSintese_Regic2007.173,173,220198,Brejo do Piau�,5,Centro Local,n�o,220230,Canto do Buriti,4b,Centro de Zona B,,,0,,230440,ACP de Fortaleza,221100,ACP de Teresina,0,,0,,0,,0,,0,,220230,Canto do Buriti,230440,ACP de Fortaleza,1c,221100,ACP de Teresina,2a,220230,Canto do Buriti,4b,0,,,,,,,,,"MULTILINESTRING ((-42.826389680457 -8.214407733427791, -42.944390551446396 -8.110406884507633))"
RedeUrbanaSintese_Regic2007.174,174,220360,Eliseu Martins,5,Centro Local,n�o,220230,Canto do Buriti,4b,Centro de Zona B,,,0,,230440,ACP de Fortaleza,221100,ACP de Teresina,0,,0,,0,,0,,0,,220230,Canto do Buriti,230440,ACP de Fortaleza,1c,221100,ACP de Teresina,2a,220230,Canto do Buriti,4b,0,,,,,,,,,"MULTILINESTRING ((-43.66439643019009 -8.097406099028756, -42.944390551446396 -8.110406884507633))"
RedeUrbanaSintese_Regic2007.175,175,220735,Paje� do Piau�,5,Centro Local,n�o,220230,Canto do Buriti,4b,Centro de Zona B,,,0,,230440,ACP de Fortaleza,221100,ACP de Teresina,0,,0,,0,,0,,0,,220230,Canto do Buriti,230440,ACP de Fortaleza,1c,221100,ACP de Teresina,2a,220230,Canto do Buriti,4b,0,,,,,,,,,"MULTILINESTRING ((-42.822389306279696 -7.856405199396663, -42.944390551446396 -8.110406884507633))"
RedeUrbanaSintese_Regic2007.176,176,221095,Tamboril do Piau�,5,Centro Local,n�o,220230,Canto do Buriti,4b,Centro de Zona B,,,0,,230440,ACP de Fortaleza,221100,ACP de Teresina,0,,0,,0,,0,,0,,220230,Canto do Buriti,230440,ACP de Fortaleza,1c,221100,ACP de Teresina,2a,220230,Canto do Buriti,4b,0,,,,,,,,,"MULTILINESTRING ((-42.91439058883905 -8.400408958184562, -42.944390551446396 -8.110406884507633))"
RedeUrbanaSintese_Regic2007.177,177,220110,Avelino Lopes,4b,Centro de Zona B,n�o,220290,Corrente,4a,Centro de Zona A,,,0,,230440,ACP de Fortaleza,221100,ACP de Teresina,0,,0,,0,,0,,220290,Corrente,0,,230440,ACP de Fortaleza,1c,221100,ACP de Teresina,2a,220290,Corrente,4a,0,,,,,,,,,"MULTILINESTRING ((-43.94940101513498 -10.13741973006555, -45.16241120718669 -10.443420226700901))"
RedeUrbanaSintese_Regic2007.178,178,220300,Cristal�ndia do Piau�,5,Centro Local,n�o,220290,Corrente,4a,Centro de Zona A,,,0,,230440,ACP de Fortaleza,221100,ACP de Teresina,0,,0,,0,,0,,220290,Corrente,0,,230440,ACP de Fortaleza,1c,221100,ACP de Teresina,2a,220290,Corrente,4a,0,,,,,,,,,"MULTILINESTRING ((-45.185411670521475 -10.653421559427853, -45.16241120718669 -10.443420226700901))"
RedeUrbanaSintese_Regic2007.179,179,220440,Gilbu�s,4b,Centro de Zona B,n�o,220290,Corrente,4a,Centro de Zona A,,,0,,230440,ACP de Fortaleza,221100,ACP de Teresina,0,,0,,0,,0,,220290,Corrente,0,,230440,ACP de Fortaleza,1c,221100,ACP de Teresina,2a,220290,Corrente,4a,0,,,,,,,,,"MULTILINESTRING ((-45.3444118824095 -9.832416009307323, -45.16241120718669 -10.443420226700901))"
RedeUrbanaSintese_Regic2007.180,180,150034,�gua Azul do Norte,5,Centro Local,sim,150840,Xinguara,4b,Centro de Zona B,,,0,,150140,ACP de Bel�m,0,,0,,150420,Marab�,150613,Reden��o,0,,0,,150840,Xinguara,150140,ACP de Bel�m,1c,150420,Marab�,2c,150613,Reden��o,3a,150840,Xinguara,4b,,,,,,,"MULTILINESTRING ((-50.46744755494092 -6.791390954213941, -49.94644404864154 -7.09539335628914))"
RedeUrbanaSintese_Regic2007.181,181,220760,Parnagu�,5,Centro Local,n�o,220290,Corrente,4a,Centro de Zona A,,,0,,230440,ACP de Fortaleza,221100,ACP de Teresina,0,,0,,0,,0,,220290,Corrente,0,,230440,ACP de Fortaleza,1c,221100,ACP de Teresina,2a,220290,Corrente,4a,0,,,,,,,,,"MULTILINESTRING ((-44.63940672400889 -10.22741947542928, -45.16241120718669 -10.443420226700901))"
RedeUrbanaSintese_Regic2007.182,182,220885,Riacho Frio,5,Centro Local,n�o,220290,Corrente,4a,Centro de Zona A,,,0,,230440,ACP de Fortaleza,221100,ACP de Teresina,0,,0,,0,,0,,220290,Corrente,0,,230440,ACP de Fortaleza,1c,221100,ACP de Teresina,2a,220290,Corrente,4a,0,,,,,,,,,"MULTILINESTRING ((-44.95340912179617 -10.125418413600404, -45.16241120718669 -10.443420226700901))"
RedeUrbanaSintese_Regic2007.183,183,220975,S�o Gon�alo do Gurgu�ia,5,Centro Local,n�o,220290,Corrente,4a,Centro de Zona A,,,0,,230440,ACP de Fortaleza,221100,ACP de Teresina,0,,0,,0,,0,,220290,Corrente,0,,230440,ACP de Fortaleza,1c,221100,ACP de Teresina,2a,220290,Corrente,4a,0,,,,,,,,,"MULTILINESTRING ((-45.303411802959225 -10.030417356149208, -45.16241120718669 -10.443420226700901))"
RedeUrbanaSintese_Regic2007.184,184,221062,Sebasti�o Barros,5,Centro Local,n�o,220290,Corrente,4a,Centro de Zona A,,,0,,230440,ACP de Fortaleza,221100,ACP de Teresina,0,,0,,0,,0,,220290,Corrente,0,,230440,ACP de Fortaleza,1c,221100,ACP de Teresina,2a,220290,Corrente,4a,0,,,,,,,,,"MULTILINESTRING ((-44.834409071704705 -10.817423085357209, -45.16241120718669 -10.443420226700901))"
RedeUrbanaSintese_Regic2007.185,185,220217,Campo Largo do Piau�,5,Centro Local,n�o,220370,Esperantina,4a,Centro de Zona A,,,0,,230440,ACP de Fortaleza,221100,ACP de Teresina,0,,0,,0,,0,,220370,Esperantina,0,,230440,ACP de Fortaleza,1c,221100,ACP de Teresina,2a,220370,Esperantina,4a,0,,,,,,,,,"MULTILINESTRING ((-42.629384945464835 -3.812375528953733, -42.234381738218225 -3.902376395442687))"
RedeUrbanaSintese_Regic2007.186,186,220540,Joaquim Pires,5,Centro Local,n�o,220370,Esperantina,4a,Centro de Zona A,,,0,,230440,ACP de Fortaleza,221100,ACP de Teresina,0,,0,,0,,0,,220370,Esperantina,0,,230440,ACP de Fortaleza,1c,221100,ACP de Teresina,2a,220370,Esperantina,4a,0,,,,,,,,,"MULTILINESTRING ((-42.19838127295739 -3.5083733842001004, -42.234381738218225 -3.902376395442687))"
RedeUrbanaSintese_Regic2007.187,187,220610,Matias Ol�mpio,5,Centro Local,n�o,220370,Esperantina,4a,Centro de Zona A,,,0,,230440,ACP de Fortaleza,221100,ACP de Teresina,0,,0,,0,,0,,220370,Esperantina,0,,230440,ACP de Fortaleza,1c,221100,ACP de Teresina,2a,220370,Esperantina,4a,0,,,,,,,,,"MULTILINESTRING ((-42.556384305008415 -3.7163748289904857, -42.234381738218225 -3.902376395442687))"
RedeUrbanaSintese_Regic2007.188,188,220667,Morro do Chap�u do Piau�,5,Centro Local,n�o,220370,Esperantina,4a,Centro de Zona A,,,0,,230440,ACP de Fortaleza,221100,ACP de Teresina,0,,0,,0,,0,,220370,Esperantina,0,,230440,ACP de Fortaleza,1c,221100,ACP de Teresina,2a,220370,Esperantina,4a,0,,,,,,,,,"MULTILINESTRING ((-42.31238231086122 -3.743375142354655, -42.234381738218225 -3.902376395442687))"
RedeUrbanaSintese_Regic2007.189,189,220997,S�o Jo�o do Arraial,5,Centro Local,n�o,220370,Esperantina,4a,Centro de Zona A,,,0,,230440,ACP de Fortaleza,221100,ACP de Teresina,0,,0,,0,,0,,220370,Esperantina,0,,230440,ACP de Fortaleza,1c,221100,ACP de Teresina,2a,220370,Esperantina,4a,0,,,,,,,,,"MULTILINESTRING ((-42.44638344686936 -3.819375664721111, -42.234381738218225 -3.902376395442687))"
RedeUrbanaSintese_Regic2007.190,190,210150,Bar�o de Graja�,5,Centro Local,n�o,220390,Floriano,3a,Centro Subregional A,,,0,,230440,ACP de Fortaleza,221100,ACP de Teresina,0,,0,,220390,Floriano,0,,0,,0,,230440,ACP de Fortaleza,1c,221100,ACP de Teresina,2a,220390,Floriano,3a,0,,,,,,,,,"MULTILINESTRING ((-43.024390012951066 -6.756397140247491, -43.023390013336986 -6.76739722110237))"
RedeUrbanaSintese_Regic2007.191,191,150775,Sapucaia,5,Centro Local,sim,150840,Xinguara,4b,Centro de Zona B,,,0,,150140,ACP de Bel�m,0,,0,,150420,Marab�,150613,Reden��o,0,,0,,150840,Xinguara,150140,ACP de Bel�m,1c,150420,Marab�,2c,150613,Reden��o,3a,150840,Xinguara,4b,,,,,,,"MULTILINESTRING ((-49.6824419731903 -6.947392667890752, -49.94644404864154 -7.09539335628914))"
RedeUrbanaSintese_Regic2007.192,192,220080,Ant�nio Almeida,5,Centro Local,n�o,220390,Floriano,3a,Centro Subregional A,,,0,,230440,ACP de Fortaleza,221100,ACP de Teresina,0,,0,,220390,Floriano,0,,0,,0,,230440,ACP de Fortaleza,1c,221100,ACP de Teresina,2a,220390,Floriano,3a,0,,,,,,,,,"MULTILINESTRING ((-44.1983999402537 -7.21939945582466, -43.023390013336986 -6.76739722110237))"
RedeUrbanaSintese_Regic2007.193,193,220100,Arraial,5,Centro Local,n�o,220390,Floriano,3a,Centro Subregional A,,,0,,230440,ACP de Fortaleza,221100,ACP de Teresina,0,,0,,220390,Floriano,0,,0,,0,,230440,ACP de Fortaleza,1c,221100,ACP de Teresina,2a,220390,Floriano,3a,0,,,,,,,,,"MULTILINESTRING ((-42.532385889074426 -6.655396796332221, -43.023390013336986 -6.76739722110237))"
RedeUrbanaSintese_Regic2007.194,194,220170,Bertol�nia,5,Centro Local,n�o,220390,Floriano,3a,Centro Subregional A,,,0,,230440,ACP de Fortaleza,221100,ACP de Teresina,0,,0,,220390,Floriano,0,,0,,0,,230440,ACP de Fortaleza,1c,221100,ACP de Teresina,2a,220390,Floriano,3a,0,,,,,,,,,"MULTILINESTRING ((-43.95139832530136 -7.641402638612525, -43.023390013336986 -6.76739722110237))"
RedeUrbanaSintese_Regic2007.195,195,220225,Canavieira,5,Centro Local,n�o,220390,Floriano,3a,Centro Subregional A,,,0,,230440,ACP de Fortaleza,221100,ACP de Teresina,0,,0,,220390,Floriano,0,,0,,0,,230440,ACP de Fortaleza,1c,221100,ACP de Teresina,2a,220390,Floriano,3a,0,,,,,,,,,"MULTILINESTRING ((-43.7213965042525 -7.688403180408311, -43.023390013336986 -6.76739722110237))"
